shape_id,shape_pt_lat,shape_pt_lon,shape_pt_sequence,shape_dist_traveled
24380,46.882816,-96.723744,0,0
24380,46.88279114846218,-96.72522799140168,1,113.65450166147026
24380,46.88281955523621,-96.72527758895492,2,118.60247819318032
24380,46.882883,-96.725286,3,125.71639389001868
24380,46.882916,-96.725264,4,129.76813636382002
24380,46.88293970368511,-96.72520270552252,5,135.1560842657993
24380,46.882946,-96.725152,6,139.10145233221448
24380,46.88295300000001,-96.72357534358596,7,259.8191092415319
24380,46.882965072012674,-96.7235001569844,8,265.73143477511155
24380,46.88301692455982,-96.72339689193733,9,275.53132967655375
24380,46.88310248115303,-96.72337006984718,10,285.30344601425264
24380,46.88356722207108,-96.72338361226844,11,337.21029783962854
24380,46.88370392592562,-96.723401364418,12,352.5360737541131
24380,46.883778148172105,-96.72351567609216,13,364.5898175413458
24380,46.88379833335373,-96.7236839214611,14,377.66688793489004
24380,46.88377859264361,-96.72405309325408,15,406.01756054702076
24380,46.88372774083417,-96.72453484159468,16,443.3361457981544
24380,46.88372003711615,-96.72481543303108,17,464.8362462641028
24380,46.88372181488354,-96.72539906745912,18,509.5213893026542
24380,46.8837089259821,-96.72560169692422,19,525.1018881345759
24380,46.88366818519954,-96.72572560367011,20,535.6229949699697
24380,46.883584740594,-96.725795682209,21,546.3753621780646
24380,46.88347225878664,-96.72580675214957,22,558.9644604682385
24380,46.882789518407655,-96.72579604662704,23,635.2086170157751
24380,46.88238355507821,-96.72579509325408,24,680.5414908533758
24380,46.88197870366187,-96.72576172883606,25,725.822258356036
24380,46.881415518241646,-96.72568202331354,26,789.0070461227091
24380,46.88107381456024,-96.72564036441804,27,827.2972533545823
24380,46.88063981451832,-96.725598,28,875.8692931094301
24380,46.88051010138539,-96.72559902331352,29,890.3542195176094
24380,46.88033041192551,-96.7255490147152,30,910.7817313501346
24380,46.87955867582199,-96.72554467361068,31,996.9600600517499
24380,46.879456490436795,-96.72550054232788,32,1008.8606391510607
24380,46.87942193083066,-96.72534724785042,33,1021.216384692587
24380,46.87940152365765,-96.72497857175829,34,1049.5373792730086
24380,46.879419274389406,-96.72455932771231,35,1081.6996374153514
24380,46.879427,-96.721323,36,1329.5041537592576
24380,46.879423961206776,-96.71929597668648,37,1484.7125462833528
24380,46.879409900615926,-96.71867912516592,38,1531.970687551195
24380,46.87941497464603,-96.7182875714977,39,1561.9571545213912
24380,46.87941886384618,-96.71673054916457,40,1681.1786717136029
24380,46.879403490546935,-96.71523624173356,41,1795.610432642289
24380,46.87938947640329,-96.71511598776628,42,1804.9503110819269
24380,46.87934080675876,-96.71502336768356,43,1813.885252458311
24380,46.879273393818806,-96.71496033577172,44,1822.8274689222635
24380,46.87850307156393,-96.7149171951065,45,1908.9117529758732
24380,46.87804482544843,-96.71490323313522,46,1960.0946677635375
24380,46.87796601036622,-96.71485254592852,47,1969.7136384132552
24380,46.87791933868254,-96.71475464529946,48,1978.8437707355533
24380,46.87790914256637,-96.71424031167412,49,2018.2438448610876
24380,46.87787441864494,-96.71415230555723,50,2026.0186322626946
24380,46.87780990490698,-96.71406985648343,51,2035.597672267045
24380,46.877673229260125,-96.71395303439331,52,2053.2883586797147
24380,46.87758322133451,-96.71381602579498,53,2067.817208189486
24380,46.87753229242574,-96.71363226504708,54,2082.994118696563
24380,46.87750765995418,-96.7133041754284,55,2108.2669916023465
24380,46.87749307512645,-96.71303383813286,56,2129.031457627846
24380,46.87750059936843,-96.71258851274678,57,2163.141654034607
24380,46.877503192261024,-96.71126886591144,58,2264.1913201792217
24380,46.87748426091598,-96.71066162086676,59,2310.737957179129
24380,46.87750721729318,-96.71041847238732,60,2329.53223799088
24380,46.87751118174839,-96.708877,61,2447.568457546754
24380,46.877484596968195,-96.70758524173354,62,2546.527177275079
24380,46.87751988530808,-96.70725218783568,63,2572.3328827701703
24380,46.87752855331859,-96.705872,64,2678.0229938748607
24380,46.87751618175118,-96.70478926008415,65,2760.9437059973684
24380,46.877490893411256,-96.70447377546309,66,2785.265995459992
24380,46.8775170710875,-96.70420085152054,67,2806.3682317510275
24380,46.87751847819763,-96.70331780125808,68,2873.9868090756636
24380,46.877506031511786,-96.70099917658234,69,3051.5381917716913
24380,46.87749785380593,-96.70056102331353,70,3085.101746919595
24380,46.877508624404136,-96.70049486260032,71,3090.308751826167
24380,46.87754740429794,-96.700422276759,72,3097.354834909685
24380,46.877617412293425,-96.70038338472828,73,3105.7207009003646
24380,46.87806857274022,-96.70039143135531,74,3156.1058320127445
24380,46.87839743946171,-96.70037293254089,75,3192.8578882599645
24380,46.87880328359918,-96.70038084540369,76,3238.18280206142
24380,46.87993239519519,-96.70036006994054,77,3364.2814213531424
24380,46.88016792076291,-96.70034469940568,78,3390.60902568878
24380,46.880296920953,-96.70035402331352,79,3405.0322365329075
24380,46.88033431880695,-96.70032594672276,80,3409.729334817064
24380,46.880356357226205,-96.7002401160343,81,3416.7470667111916
24380,46.88035714709749,-96.6999006969242,82,3442.736510202378
24380,46.88035992536,-96.69888286011886,83,3520.672869395683
24380,46.88035506084886,-96.69837558327008,84,3559.5188806117567
24380,46.88033211307923,-96.69787157423973,85,3598.1958970834157
24380,46.88035140506689,-96.69752879629516,86,3624.5307251944528
24380,46.88036185072218,-96.69634700000002,87,3715.028624641967
24380,46.880379332610225,-96.6938754049282,88,3904.289586740231
24380,46.880345151508315,-96.69352064418028,89,3931.7206612037935
24380,46.88036547971098,-96.6932422994404,90,3953.154218296617
24380,46.88039259922565,-96.69295392719395,91,3975.4417472156547
24380,46.880585401248126,-96.69244205770684,92,4020.1601611931073
24380,46.880663541222255,-96.692150605594,93,4044.1220515886776
24380,46.8806726158109,-96.69172815767416,94,4076.484845910742
24380,46.8806659400613,-96.69051026248304,95,4169.742400432115
24380,46.880640300423664,-96.68991034110452,96,4215.7677578701005
24380,46.88066522178132,-96.68958104414558,97,4241.135288312438
24380,46.88067481452168,-96.68780701338768,98,4376.977929844184
24380,46.88065567137887,-96.68708527116392,99,4432.28350884993
24380,46.88067344356614,-96.6867689594898,100,4456.584882159341
24380,46.880685,-96.685148,101,4580.709645465571
24380,46.880694,-96.68414,102,4657.8995915057485
24380,46.88066111695335,-96.6834512736454,103,4710.763703567999
24380,46.88065944453943,-96.68333079536104,104,4719.99073555087
24380,46.8806244425376,-96.68327581007622,105,4725.735730501205
24380,46.88056480944488,-96.68325971682214,106,4732.508181855272
24380,46.87993596141711,-96.68326804662703,107,4802.736341457113
24380,46.87891822152805,-96.68321390062904,108,4916.465878373653
24380,46.87792084989648,-96.68319666749382,109,5027.853056174017
24380,46.87676926110599,-96.68319550429916,110,5156.454324487376
24380,46.87667923505183,-96.68320470552254,111,5166.532454013511
24380,46.876612225830755,-96.68325299140167,112,5174.879252641574
24380,46.87659686012469,-96.6833205680214,113,5180.331134182541
24380,46.876588668216606,-96.686696,114,5438.8121583362
24380,46.87659385408984,-96.68790641104508,115,5531.502989215255
24380,46.87658548234261,-96.6912032478504,116,5783.964225566528
24380,46.876596,-96.692188,117,5859.3818381458395
24380,46.87662197398842,-96.69267955952456,118,5897.135086292624
24380,46.87662319516982,-96.69345561226844,119,5956.562193346796
24380,46.87664564217407,-96.69360708465577,120,5968.42909148481
24380,46.876716588377754,-96.69365213128282,121,5977.070133442259
24380,46.87700244031445,-96.69365012418616,122,6008.992018427175
24380,46.87706337382341,-96.693713156098,123,6017.334596474865
24380,46.87707602257942,-96.69381394725607,124,6025.18088891841
24380,46.87708690772882,-96.69450251289749,125,6077.921922333419
24380,46.877066465112954,-96.69468314847946,126,6091.941229699716
24380,46.87699382740367,-96.69478175463104,127,6103.023269602104
24380,46.87690909523032,-96.69476592313636,128,6112.5627706175455
24380,46.87686631201248,-96.6946492470442,129,6122.694484762283
24380,46.876859829703776,-96.69431397091736,130,6148.378606110637
24380,46.87686818139107,-96.69414656812286,131,6161.231435554309
24380,46.87690390938756,-96.69408464204658,132,6167.428628611058
24380,46.876984289894146,-96.69406854879249,133,6176.489035718798
24380,46.87702836947567,-96.69404306780685,134,6181.784086062595
24380,46.87705040925284,-96.69396796595444,135,6188.039556207758
24380,46.877041334051555,-96.69378825795044,136,6201.838005893023
24380,46.877009659447246,-96.69375510796928,137,6206.191769246816
24380,46.87683429778013,-96.6937314343586,138,6225.858396307635
24380,46.87635668923931,-96.69374190062904,139,6279.199675367981
24380,46.87623508648415,-96.69376993005945,140,6292.947819266013
24380,46.87592174386387,-96.69374092394258,141,6328.0096837515075
24380,46.87578900517909,-96.69373660615156,142,6342.836497784856
24380,46.87575446152835,-96.69375813583576,143,6347.031586448116
24380,46.875741331601674,-96.69380955092622,144,6351.23296103488
24380,46.8757479790853,-96.6947170255586,145,6420.728674571021
24380,46.87576814049726,-96.69501244295692,146,6443.462612498681
24380,46.87575188946591,-96.69534164666176,147,6468.737269771982
24380,46.875745597519995,-96.69715003680264,148,6607.21993644115
24380,46.875766989681615,-96.69764132638932,149,6644.917074785103
24380,46.87573811053338,-96.69804979514122,150,6676.362089417211
24380,46.875736,-96.699449,151,6783.508805301032
24380,46.875734,-96.70004,152,6828.766120312007
24380,46.87575462292091,-96.70029757423973,153,6848.624255216029
24380,46.87573459297807,-96.70061373991584,154,6872.93822290586
24380,46.875739,-96.702491,155,7016.69292714975
24380,46.87575006506888,-96.70299943435862,156,7055.646553767845
24380,46.87573418595631,-96.70328729695892,157,7077.76120445476
24380,46.87572918511306,-96.70538164280032,158,7238.139178349131
24380,46.87574636155193,-96.7058339705696,159,7272.829722176473
24380,46.87572340702153,-96.70627635466576,160,7306.802577598873
24380,46.87572348244678,-96.707016,161,7363.44164594381
24380,46.87572307542575,-96.70799582953453,162,7438.472992578074
24380,46.87573602992949,-96.70845778406144,163,7473.877111205742
24380,46.87574143029448,-96.70852155529695,164,7478.797539819112
24380,46.87577441742064,-96.7085524343586,165,7483.174822715527
24380,46.87622257839767,-96.70856850429918,166,7533.235878641031
24380,46.876292190483454,-96.7086351075356,167,7542.53316577136
24380,46.87630814582573,-96.70874085515594,168,7550.824486979036
24380,46.876314628201065,-96.709165,169,7583.311414193078
24380,46.87630814582573,-96.710153,170,7658.970844083653
24380,46.87631359295008,-96.71187016700362,171,7790.463874617668
24380,46.87633358814646,-96.7123914565182,172,7830.443823453692
24380,46.87630581409943,-96.71278656812284,173,7860.857884522164
24380,46.87629774954626,-96.7144443733858,174,7987.806724474299
24380,46.87630980928669,-96.71472320122338,175,8009.200236249945
24380,46.876290748478425,-96.71528457902907,176,8052.240067939556
24380,46.876264041175226,-96.716245507365,177,8125.882957613694
24380,46.87624977993497,-96.71747664130284,178,8220.169619588489
24380,46.87624052249679,-96.7181141312828,179,8268.995866443027
24380,46.876210703522496,-96.71862126504708,180,8307.97172982513
24380,46.87616873873822,-96.71894298776628,181,8333.049126753178
24380,46.87608895983699,-96.71917532887078,182,8352.946319669603
24380,46.8759873970068,-96.7194556638584,183,8377.224613126276
24380,46.87591929648457,-96.7197632589302,184,8401.97574542793
24380,46.87590338946848,-96.72010672604124,185,8428.336488024903
24380,46.875911005099496,-96.72032867361068,186,8445.35327417426
24380,46.87591958789635,-96.7205850968895,187,8465.012125174746
24380,46.87595958289671,-96.72083694229316,188,8484.807437338934
24380,46.8760624323166,-96.72114435333825,189,8510.999533172313
24380,46.87615344225564,-96.7213822392521,190,8531.858664173376
24380,46.876201557734944,-96.72158548098564,191,8548.323066167455
24380,46.876251,-96.721764708004,192,8563.116102174054
24380,46.87621992955186,-96.72226100496292,193,8601.277526806918
24380,46.87622181241292,-96.72324282896018,194,8676.45982948692
24380,46.87623455284962,-96.72370223561668,195,8711.667071589975
24380,46.87621404503688,-96.72406298280336,196,8739.385583518459
24380,46.87619199342826,-96.7243090070436,197,8758.384824482755
24380,46.87613883780576,-96.72455308806396,198,8777.994940165629
24380,46.876061422105415,-96.72481564533426,199,8799.879735164252
24380,46.8759780741393,-96.72510468414072,200,8823.889879854207
24380,46.8759589699141,-96.72534154844476,201,8842.152543982314
24380,46.87598066710551,-96.72543191364052,202,8849.48407939968
24380,46.87606688552083,-96.72546084540366,203,8859.3634620904
24380,46.876445,-96.725421,204,8901.696587098148
24380,46.87668666819532,-96.72541597668648,205,8928.685768128023
24380,46.8772832113956,-96.72540651901436,206,8995.30408575728
24380,46.877957833291894,-96.72540510796928,207,9070.637383376501
24380,46.87839242120379,-96.72540754232789,208,9119.167009165885
24380,46.878571,-96.725382,209,9139.204103848773
24380,46.87895,-96.725414,210,9181.596887908832
24380,46.879334,-96.725383,211,9224.54278606808
24380,46.879500901476845,-96.72541365889548,212,9243.327488640498
24380,46.87984005757273,-96.72543302331351,213,9281.229152756132
24380,46.880305674197544,-96.7254511165676,214,9333.241763849548
24380,46.88081885660326,-96.72547345767212,215,9390.572988744194
24380,46.88126118226533,-96.72551702331351,216,9440.078809933884
24380,46.881637999999995,-96.72556706994057,217,9482.331144440257
24380,46.882197854370816,-96.72563109325412,218,9545.040452472957
24380,46.8827376294426,-96.72564895337295,219,9605.331179619709
24380,46.8828985563444,-96.72561140244676,220,9623.529985888705
24380,46.883309557317666,-96.72561208465576,221,9669.425380334727
24380,46.883467,-96.725587,222,9687.111167829182
24380,46.8835579257595,-96.72556046378898,223,9697.465876610095
24380,46.88360687479019,-96.72548213273272,224,9705.580329674873
24380,46.883621134075014,-96.7253869143127,225,9713.042398465986
24380,46.88362714812467,-96.724378,226,9790.290810993865
24380,46.88362066663273,-96.72361377661709,227,9848.806573359772
24380,46.88360902791008,-96.723487942389,228,9858.528102233304
24380,46.88355925908039,-96.723430682209,229,9865.606672866468
24380,46.882971,-96.723433,230,9931.296378028483
24380,46.88283833431325,-96.7234495509262,231,9946.164932335792
24380,46.88280933025207,-96.72353012902724,232,9953.13281874623
24380,46.88280940678922,-96.72371201719666,233,9967.058956469964
24380,46.882816,-96.723744,234,9967.166259350292
24381,46.882816,-96.723744,0,0
24381,46.88279309293992,-96.72522799140168,1,113.64940509890647
24381,46.88281566628259,-96.7252708834324,2,117.78927846780427
24381,46.882883,-96.725286,3,125.39681107864182
24381,46.882916,-96.725264,4,129.44855355244317
24381,46.882938,-96.725221,5,133.55637468694692
24381,46.882946,-96.725152,6,138.9142858016967
24381,46.88295105552808,-96.72357400248146,7,259.73341350136934
24381,46.88297819014483,-96.72348098978696,8,267.472663870381
24381,46.88302550558455,-96.72341393456158,9,274.8397910506625
24381,46.88311235847485,-96.7233743719786,10,285.0004552419661
24381,46.88357499986904,-96.72338160061167,11,336.66546588370454
24381,46.88370522222205,-96.72341946932886,12,351.4933037191705
24381,46.88377166669842,-96.7235264049282,13,362.54245794018715
24381,46.88379768520666,-96.72375701165676,14,380.4358290400616
24381,46.883780537085535,-96.72404772883604,15,402.7761793263814
24381,46.883738759348,-96.72447632333088,16,435.92056144084313
24381,46.88372125935441,-96.72466234052752,17,450.29601414836316
24381,46.883719314910344,-96.72514839690685,18,487.5105076213643
24381,46.8837193889681,-96.72541758895493,19,508.1206099838241
24381,46.88368892595258,-96.72561965641404,20,523.9610336746372
24381,46.883613259171746,-96.72574673189447,21,536.8471771504483
24381,46.88348068474929,-96.72581010491083,22,552.4262407075618
24381,46.88278433313321,-96.72580141104508,23,630.1887694568252
24381,46.8823569803403,-96.72579442270182,24,677.9130867924746
24381,46.88193985478849,-96.7257577987766,25,724.5766865668892
24381,46.881422,-96.725678,26,782.7259977624357
24381,46.881079,-96.725635,27,821.1691181872981
24381,46.880651544821475,-96.72559993005945,28,868.9773478229426
24381,46.879891,-96.725599,29,953.9053596292578
24381,46.879275,-96.72567,30,1022.906899691715
24381,46.87903545231311,-96.72563825644876,31,1049.7667395050273
24381,46.87825812557343,-96.72563423313522,32,1136.569256852524
24381,46.878042,-96.72566,33,1160.783926293238
24381,46.87776436764632,-96.72562282209014,34,1191.916804116116
24381,46.8772275129959,-96.72567941104508,35,1252.0223021414147
24381,46.8767316420224,-96.7257071865082,36,1307.4356974228695
24381,46.87662581876017,-96.72574503191186,37,1319.6028417309622
24381,46.876588,-96.725881,38,1330.8382182544362
24381,46.876584,-96.726293,39,1362.3894518404982
24381,46.876567517656014,-96.72805309308052,40,1497.177461504755
24381,46.8765279200436,-96.72853250660704,41,1534.1528612609386
24381,46.8765287341695,-96.7296342478504,42,1618.516324937768
24381,46.87650021182589,-96.72981152149582,43,1632.4593063432658
24381,46.87641712705491,-96.72995546627044,44,1646.8665217710027
24381,46.8763153173791,-96.7299741951065,45,1658.3253720799248
24381,46.875944266412375,-96.72995969080736,46,1699.7743005996567
24381,46.87587777381042,-96.72989315096092,47,1708.7794003296897
24381,46.875866251138504,-96.7297934307232,48,1716.5229947788482
24381,46.8759291457067,-96.729353,49,1750.971914006224
24381,46.875991738691184,-96.729125,50,1769.7778440073098
24381,46.8761506281694,-96.7287636969242,51,1802.644595235086
24381,46.876217588076386,-96.72845807853888,52,1827.2123081802617
24381,46.876208,-96.728157,53,1850.2917411669944
24381,46.8762427387579,-96.72779965641402,54,1877.9283337689392
24381,46.87623773875654,-96.72718361226843,55,1925.1042078619776
24381,46.87619337674644,-96.72688368469048,56,1948.598874471162
24381,46.87611671347202,-96.7266729558544,57,1966.8653865942397
24381,46.87599985932895,-96.72644450678062,58,1988.6892773517861
24381,46.87590896484949,-96.72614220982167,59,2013.9648263140077
24381,46.875867,-96.725927,60,2031.0976211939003
24381,46.875832065162,-96.72581687731552,61,2040.388808877577
24381,46.87575588428521,-96.72576750429916,62,2049.6980085895107
24381,46.87568508851127,-96.72577888343238,63,2057.65145461677
24381,46.875167703497304,-96.72583472883606,64,2115.584472417419
24381,46.87465254052932,-96.72589796197128,65,2173.314734389455
24381,46.87388349554451,-96.72592984540368,66,2259.22657835884
24381,46.872974,-96.72593,67,2360.787451032943
24381,46.871472,-96.725946,68,2528.5161452084576
24381,46.87043543395221,-96.7259712035874,69,2644.282721012038
24381,46.86979261171184,-96.72597265182888,70,2716.065000795235
24381,46.8693376690381,-96.7260335656414,71,2767.080931315889
24381,46.86899417721725,-96.72607024823245,72,2805.5404560329584
24381,46.86868400110745,-96.726226146945,73,2842.1769961587843
24381,46.868421653592456,-96.72640660367011,74,2874.5688268236277
24381,46.868014018280505,-96.72657874355126,75,2921.9589521287858
24381,46.86755972593563,-96.72670966749382,76,2973.6699238112897
24381,46.867052142918766,-96.72679766749384,77,3030.7495543357104
24381,46.86643310985901,-96.72677684540368,78,3099.8936036046643
24381,46.86594513533729,-96.7266794196434,79,3154.892834103628
24381,46.86538536196415,-96.7264817754631,80,3219.2078938634004
24381,46.86499698780443,-96.72629736441804,81,3264.818478193871
24381,46.864269832621474,-96.7259523411045,82,3350.20961084925
24381,46.86379461280841,-96.72574570552254,83,3405.585865899737
24381,46.86355615496803,-96.72566193005945,84,3432.975986098371
24381,46.86313249464328,-96.72556417790985,85,3480.873772187397
24381,46.86284785508067,-96.72552198689272,86,3512.822557255765
24381,46.862702662683105,-96.7254920348703,87,3529.197302938725
24381,46.86234019733673,-96.7254752392521,88,3569.693276420105
24381,46.8622641619511,-96.72540201992597,89,3579.8688631541836
24381,46.8621876498458,-96.72521962971294,90,3596.244377821859
24381,46.862175689148714,-96.72504884292222,91,3609.3935892875593
24381,46.86216304588911,-96.72275451982809,92,3785.1304012430796
24381,46.862157,-96.722123,93,3833.5057673257297
24381,46.86216712735453,-96.72169360118866,94,3866.4146133898366
24381,46.86217030611001,-96.720199716335,95,3980.838022109241
24381,46.862159,-96.717283,96,4204.245629661669
24381,46.86216386238177,-96.71645463425445,97,4267.696246293937
24381,46.86213793814253,-96.71602614485695,98,4300.643652931308
24381,46.862144222864565,-96.71525396445276,99,4359.792727733007
24381,46.86212237633064,-96.71516515576316,100,4367.019241407875
24381,46.86206012903799,-96.71512224041894,101,4374.708350204868
24381,46.86104008797465,-96.71510576262123,102,4488.621990608907
24381,46.86049934977657,-96.71508430494912,103,4549.0278823459275
24381,46.860061,-96.715122,104,4598.062910243288
24381,46.85855514025055,-96.71508370552252,105,4766.245881665141
24381,46.856858685552766,-96.71510405522535,106,4955.693177294729
24381,46.85553016953569,-96.71510927976227,107,5104.047366805093
24381,46.85521166411026,-96.71512909325408,108,5139.646822527112
24381,46.85515356383625,-96.71516586871718,109,5146.720037734017
24381,46.85509396987763,-96.71523790674593,110,5155.36523685177
24381,46.85504378193347,-96.7153208687172,111,5163.838681252189
24381,46.85501243612736,-96.71542454232788,112,5172.517755073934
24381,46.85501762408539,-96.71640168105506,113,5247.3736015738
24381,46.85501453377709,-96.71708803820228,114,5299.952995182582
24381,46.85503,-96.717565,115,5336.531331369342
24381,46.85501053377923,-96.7181204307232,116,5379.1354311520945
24381,46.85502831570966,-96.71947364666175,117,5482.817044590054
24381,46.85501486086635,-96.720266098217,118,5543.541008771771
24381,46.85500734581964,-96.72079211045074,119,5583.844639461359
24381,46.854955127792024,-96.72121213988112,120,5616.544871673457
24381,46.85483643607636,-96.7217636932888,121,5660.826464928152
24381,46.854781048922305,-96.7219880638237,122,5679.093241086812
24381,46.85457185004992,-96.72281844295692,123,5746.858181196937
24381,46.85441648502026,-96.72316252761269,124,5778.414044219787
24381,46.85419855556231,-96.7240585178604,125,5851.238034369669
24381,46.85414026711893,-96.7241827754631,126,5862.76945408537
24381,46.854061402410835,-96.72426573411909,127,5873.629644995394
24381,46.85393759561566,-96.72428851041605,128,5887.564503804966
24381,46.853228,-96.723918,129,5971.7333888773965
24381,46.851967289884286,-96.72326103058434,130,6121.239685901503
24381,46.85122,-96.722913,131,6208.843715114563
24381,46.85071187735855,-96.72257794477464,132,6271.120560347301
24381,46.85029489849881,-96.72231546378896,133,6321.840256695764
24381,46.85016363802313,-96.72224417790986,134,6337.48218432864
24381,46.85009317454897,-96.7221153705349,135,6350.103309023712
24381,46.85011944964511,-96.72187802083208,136,6368.522197188289
24381,46.850351,-96.720934,137,6445.328008356499
24381,46.85054394934715,-96.72031567361068,138,6497.368539228218
24381,46.85055716677328,-96.72013733250618,139,6511.110904811784
24381,46.85052433352663,-96.71994588954924,140,6526.228860000515
24381,46.850472029009254,-96.71978872883608,141,6539.611002444153
24381,46.85041603630721,-96.71970642576024,142,6548.490876687003
24381,46.850293782606215,-96.71960127116397,143,6564.342445396221
24381,46.84997141963011,-96.71945182209016,144,6602.117089622538
24381,46.84970018847173,-96.71928093865776,145,6635.113284170471
24381,46.84947501296091,-96.71906851041602,146,6665.065438790341
24381,46.84915059678095,-96.71857846742438,147,6717.237400638975
24381,46.84900555645373,-96.71821726825964,148,6749.301358250731
24381,46.84891605408861,-96.7179718461348,149,6770.595256687953
24381,46.848905676993155,-96.7178122546984,150,6782.876900732483
24381,46.84895496817875,-96.71774788168204,151,6790.267433688132
24381,46.849467334402824,-96.71738980677856,152,6853.719381919372
24381,46.84951403082833,-96.71740187671912,153,6859.015253657753
24381,46.849581481149,-96.7175587859465,154,6873.201228407184
24381,46.84966943115989,-96.71774573865306,155,6890.567931087373
24381,46.849803034210936,-96.71791069450748,156,6910.120260446627
24381,46.849973,-96.718011,157,6930.596731469248
24381,46.85017789924967,-96.71815477552784,158,6955.990763608176
24381,46.85034522570616,-96.7182191485442,159,6975.315702760255
24381,46.85054497908783,-96.71819769087207,160,6997.682315037126
24381,46.850755108466785,-96.71815745773684,161,7021.348681848643
24381,46.85087444083453,-96.71816952767742,162,7034.706368369137
24381,46.85101971466343,-96.71823121848476,163,7051.603276595037
24381,46.85105473597415,-96.71830363812816,164,7058.391170286296
24381,46.85106122139951,-96.71841360869776,165,7066.847124384972
24381,46.850876709102394,-96.7191077938137,166,7123.880784315544
24381,46.85084201384308,-96.7193139361763,167,7140.141763116467
24381,46.850855151629645,-96.71948541104508,168,7153.3602135696465
24381,46.85087867380595,-96.71962704662702,169,7164.524386478377
24381,46.85092266609715,-96.71975637913324,170,7175.58358518011
24381,46.85101529527201,-96.71987843435858,171,7189.527331119165
24381,46.851554,-96.720172,172,7253.7500576741595
24381,46.85187423805412,-96.72038633498764,173,7293.100029120345
24381,46.85309182449683,-96.72103315707778,174,7437.813436452865
24381,46.853643,-96.721274,175,7502.067942604053
24381,46.85414081195777,-96.72156886011888,176,7562.071474050261
24381,46.85466164626548,-96.72182009077264,177,7623.333444447079
24381,46.85470411687659,-96.72186813855365,178,7629.336756097342
24381,46.85474026793051,-96.72198637797752,179,7639.253339456174
24381,46.8547272979675,-96.72210573627868,180,7648.510748807597
24381,46.85448398094828,-96.72309943684006,181,7729.336796477116
24381,46.85425097240485,-96.72408686144638,182,7809.328635688775
24381,46.85402849750301,-96.72494227249146,183,7879.408913070059
24381,46.85395855377397,-96.72524399751852,184,7903.806676370155
24381,46.853836682395375,-96.7255654085636,185,7931.939294295394
24381,46.853573,-96.726095,186,7982.068130273518
24381,46.853446,-96.726379,187,8008.038329682607
24381,46.85320369290432,-96.72682780373955,188,8051.789786992812
24381,46.85299494969868,-96.72712987368013,189,8084.635341009344
24381,46.85282946643919,-96.72743850793456,190,8114.643510293715
24381,46.85264847799381,-96.72787686987114,191,8153.837749420029
24381,46.852512260791435,-96.7281774527092,192,8181.435009053052
24381,46.85237196834076,-96.72845348661748,193,8207.752090551134
24381,46.852263015749195,-96.72852322405188,194,8221.039783766308
24381,46.8521501717606,-96.72853261178342,195,8233.661231877262
24381,46.85158812552757,-96.72792523313522,196,8311.790178883923
24381,46.851187,-96.727501,197,8367.131158437827
24381,46.85075159291972,-96.7270826111145,198,8425.36635846921
24381,46.85048019557124,-96.72679251289748,199,8462.948156118011
24381,46.85040657975213,-96.72676704662705,200,8471.396970124788
24381,46.85030079731237,-96.72681898280337,201,8483.86150873319
24381,46.85011345662188,-96.727114,202,8514.658682425905
24381,46.850002601149335,-96.72730494725609,203,8533.822060298507
24381,46.8498878252548,-96.72742993254091,204,8549.820598772072
24381,46.84972339032574,-96.72753980737497,205,8570.020073538099
24381,46.84956489136357,-96.7276994196434,206,8591.532536151306
24381,46.849467891370594,-96.727854854002,207,8607.63000280305
24381,46.849366702874086,-96.72803403191185,208,8625.40952664384
24381,46.849067,-96.728675,209,8684.835312793057
24381,46.84887522246168,-96.7290253447399,210,8719.172418605687
24381,46.84871745140575,-96.72934438525007,211,8749.302537108451
24381,46.848647240016184,-96.7295611607132,212,8767.667937935445
24381,46.84861308479519,-96.73053275601544,213,8842.202205538553
24381,46.848608,-96.731919,214,8948.40762492362
24381,46.84862184926627,-96.73298429505506,215,9030.03728712608
24381,46.848637414990954,-96.73306610243002,216,9036.541315989056
24381,46.84870486641251,-96.7330982889382,217,9044.46674503259
24381,46.849617,-96.73308,218,9146.330997727831
24381,46.8505797184404,-96.73310852876664,219,9253.856452274878
24381,46.85080062967247,-96.7331680865723,220,9278.943211800919
24381,46.85100556970606,-96.7333638878304,221,9306.306034103027
24381,46.85115343734593,-96.7335087271172,222,9326.199788966855
24381,46.85125979802809,-96.73353286699832,223,9338.219805508716
24381,46.85130908705333,-96.73346044735491,224,9346.034736802809
24381,46.85130908705328,-96.73235006734608,225,9431.099482304651
24381,46.851317363635445,-96.73137778042604,226,9505.590917804271
24381,46.851378899388905,-96.73075451289748,227,9553.830599830973
24381,46.85148262340243,-96.730328,228,9588.497363882792
24381,46.851663,-96.729713,229,9639.73657493394
24381,46.85199332643885,-96.72903789814758,230,9703.261406412657
24381,46.852155714751994,-96.7287235545616,231,9733.40647289825
24381,46.852210435315314,-96.7285925656414,232,9745.155286045734
24381,46.852367,-96.728251,233,9776.62506743747
24381,46.85265972321688,-96.72761432390789,234,9835.33952137835
24381,46.852904,-96.727055,235,9886.133584117395
24381,46.853050504524425,-96.72677056812286,236,9913.380971060655
24381,46.853144,-96.726532,237,9934.428782361329
24381,46.853379,-96.726135,238,9974.598028543549
24381,46.85368252511646,-96.72558448958397,239,10028.702635723095
24381,46.853822,-96.725264,240,10057.777437390874
24381,46.85400443436293,-96.72453389318468,241,10117.302368660103
24381,46.854085919261856,-96.724347437994,242,10134.23794988631
24381,46.85421134428356,-96.72426283068847,243,10149.67081624045
24381,46.854308463617315,-96.7242774196434,244,10160.573320604732
24381,46.85554,-96.72492,245,10306.640031259594
24381,46.856046,-96.725182,246,10366.602283216156
24381,46.856247,-96.725246,247,10389.576603147016
24381,46.856419,-96.725293,248,10409.117912710577
24381,46.856599,-96.725322,249,10429.340420617023
24381,46.856745,-96.725328,250,10445.650330888884
24381,46.857067,-96.725338,251,10481.61537576508
24381,46.858119,-96.72532,252,10599.097518097211
24381,46.858419,-96.725285,253,10632.704829996006
24381,46.860249,-96.725291,254,10837.056602337007
24381,46.86146498550087,-96.7252054490738,255,10973.000512008686
24381,46.8622547949004,-96.72519636441804,256,11061.199189026187
24381,46.862932,-96.72518,257,11136.831283374566
24381,46.86328728099667,-96.72522868220902,258,11176.679409389977
24381,46.86364919433293,-96.72531104662704,259,11217.58271156986
24381,46.863943012905835,-96.72540829447746,260,11251.227473336545
24381,46.864295,-96.725568,261,11292.392272212577
24381,46.864722,-96.725786,262,11342.913028911267
24381,46.865342,-96.72608,263,11415.71643783073
24381,46.865835,-96.72627,264,11472.659158911169
24381,46.866055,-96.726312,265,11497.43564459979
24381,46.86636031939842,-96.72638063558198,266,11531.93266576895
24381,46.866602,-96.72641,267,11559.014004579874
24381,46.866908,-96.726404,268,11593.187257260895
24381,46.867395,-96.726357,269,11647.688183157905
24381,46.867884219928605,-96.72624422453688,270,11702.996551893948
24381,46.868213,-96.726098,271,11741.38046012248
24381,46.86907055980228,-96.72585511656764,272,11838.93165796965
24381,46.869584922170354,-96.72576059202764,273,11896.823482530488
24381,46.872438,-96.725764,274,12215.41903118478
24381,46.87303,-96.725753,275,12281.53142720725
24381,46.8743108548069,-96.72572449570085,276,12424.5776557601
24381,46.87496003466156,-96.72565506134224,277,12497.264536689798
24381,46.8754884691161,-96.72556581349184,278,12556.667816654362
24381,46.87581,-96.725498,279,12592.945870214633
24381,46.876356,-96.72543,280,12654.138166225908
24381,46.87680205354554,-96.72540122453692,281,12703.996483289968
24381,46.877454342732655,-96.72540249570083,282,12776.835935265255
24381,46.878075808773666,-96.72539706134224,283,12846.234631370933
24381,46.87838334622951,-96.72539815459632,284,12880.576617501605
24381,46.878571,-96.725382,285,12901.567888905553
24381,46.87895,-96.725414,286,12943.960672965612
24381,46.879334,-96.725383,287,12986.906571124859
24381,46.87961190285327,-96.72542241104507,288,13018.08561361715
24381,46.8802006674312,-96.72544441104507,289,13083.85294984556
24381,46.880732,-96.725452,290,13143.188275571636
24381,46.880981,-96.72547,291,13171.027571534232
24381,46.881135,-96.725488,292,13188.279475158814
24381,46.881326,-96.725513,293,13209.693653088289
24381,46.881638,-96.725555,294,13244.681945234091
24381,46.882111,-96.725615,295,13297.699978493909
24381,46.882382,-96.725643,296,13328.037654978423
24381,46.882680591341035,-96.7256368834324,297,13361.383828417722
24381,46.88289726002848,-96.72561408465576,298,13385.641519674822
24381,46.883322520375934,-96.72560806134224,299,13433.131429312516
24381,46.883467,-96.725587,300,13449.345461586545
24381,46.88354366645783,-96.72557923925208,301,13457.927192441139
24381,46.88360053638555,-96.72549611363348,302,13466.917960197556
24381,46.88362257346317,-96.725407600736,303,13474.127729909078
24381,46.88362844442295,-96.72437397668648,304,13553.267787123057
24381,46.88362455552798,-96.72403890674592,305,13578.925437114714
24381,46.883623074038155,-96.7235835214958,306,13613.79152865657
24381,46.88359535118949,-96.72349518570836,307,13621.229631123566
24381,46.88354337517796,-96.7234309067459,308,13628.839297737371
24381,46.88296148432183,-96.72344552761268,309,13693.827280408492
24381,46.8828383071879,-96.72345495257316,310,13707.601087877953
24381,46.88281238083428,-96.72349384460388,311,13711.754246648417
24381,46.8828067031046,-96.72371145155525,312,13728.427223726689
24511,46.892569,-96.799251,0,0
24511,46.892462,-96.799203,1,12.499543250039933
24511,46.8924,-96.799106,2,22.650973548928228
24511,46.892387,-96.798208,3,91.40260971639321
24511,46.892307,-96.798125,4,102.36409638862482
24511,46.890469,-96.798194,5,307.6590833700079
24511,46.890405,-96.798243,6,315.7297160871383
24511,46.890415,-96.801947,7,599.2601412094828
24511,46.890464,-96.802035,8,607.9382052931574
24511,46.891016,-96.802014,9,669.5939913434153
24511,46.891092,-96.80196,10,679.0331043736073
24511,46.891197,-96.801932,11,690.9514170422635
24511,46.891257,-96.801985,12,698.7834574904409
24511,46.891399,-96.802036,13,715.1123065234489
24511,46.891644,-96.802073,14,742.6145581815796
24511,46.891856,-96.802239,15,769.480601658825
24511,46.892128,-96.802474,16,804.7785680291283
24511,46.892341,-96.80266,17,832.4972649093239
24511,46.892561,-96.802742,18,857.8510416952928
24511,46.892893,-96.802753,19,894.9307933556626
24511,46.893939,-96.802729,20,1011.7386731445379
24511,46.894374,-96.802749,21,1060.3336737440634
24511,46.895337,-96.802721,22,1167.880915139792
24511,46.896802,-96.802709,23,1331.4612983685201
24511,46.897522,-96.802734,24,1411.8772517800235
24511,46.899768,-96.802726,25,1662.6600736009223
24511,46.901026,-96.802692,26,1803.148934879058
24511,46.901974,-96.802763,27,1909.139332016474
24511,46.904166,-96.802751,28,2153.8936279920104
24511,46.90431522336829,-96.80283666298736,29,2171.798709707744
24511,46.904474653725806,-96.80300832436431,30,2193.9225611401566
24511,46.9046294588477,-96.80306758895492,31,2211.792743643912
24511,46.904698808226286,-96.80308563558197,32,2219.6582876829734
24511,46.904743,-96.803062,33,2224.913674391636
24511,46.904764,-96.802912,34,2236.629559805901
24511,46.904764,-96.802019,35,2304.966978216957
24511,46.904785,-96.801265,36,2362.7149971333556
24511,46.904795,-96.800852,37,2394.3398504355214
24511,46.904853,-96.800811,38,2401.5359975147226
24511,46.905153,-96.800769,39,2435.1870748884066
24511,46.905991,-96.800725,40,2528.816585707221
24511,46.906003,-96.800685,41,2532.157961510697
24511,46.905958,-96.799339,42,2635.2819288044393
24511,46.905956,-96.799162,43,2648.828559526754
24511,46.906006,-96.798981,44,2663.762265175567
24511,46.906008,-96.798867,45,2672.488881111474
24511,46.906005,-96.798323,46,2714.119406743666
24511,46.905987,-96.798132,47,2728.8730804406982
24511,46.905934,-96.798056,48,2737.1703819645995
24511,46.903239,-96.798036,49,3038.0920658107543
24511,46.903094,-96.797897,50,3057.4643062684418
24511,46.902941774989735,-96.7978494343586,51,3074.84683929679
24511,46.902768,-96.79787,52,3094.313903863815
24511,46.902669,-96.797999,53,3109.134660558984
24511,46.900867,-96.798102,54,3310.4963796405495
24511,46.899541,-96.79811,55,3458.555891093413
24511,46.897083,-96.798129,56,3733.0146189440984
24511,46.894459,-96.798154,57,4026.0109335473444
24511,46.893368,-96.798122,58,4147.854215641674
24511,46.892871,-96.798144,59,4203.373686683596
24511,46.892791,-96.798168,60,4212.493252134892
24511,46.892757,-96.798318,61,4224.5861011934085
24511,46.89275,-96.798761,62,4258.503776576802
24511,46.892752,-96.79908,63,4282.922091096974
24511,46.89269,-96.799206,64,4294.793917349872
24511,46.892636,-96.799259,65,4302.061147592897
24511,46.892569,-96.799251,66,4302.274001795009
24743,46.882816,-96.723744,0,0
24743,46.882793,-96.725228,1,113.65029741767312
24743,46.882816,-96.725271,2,117.8258663373388
24743,46.882883,-96.725286,3,125.39521025510118
24743,46.882916,-96.725264,4,129.44695272890252
24743,46.882938,-96.725221,5,133.55477386340627
24743,46.882946,-96.725152,6,138.91268497815605
24743,46.882951,-96.723574,7,259.7319739150187
24743,46.882978,-96.723481,8,267.464456220015
24743,46.883026,-96.723414,9,274.88367441355865
24743,46.883112,-96.723374,10,284.9635938113444
24743,46.883575,-96.723382,11,336.6693126864837
24743,46.883705,-96.723419,12,351.4599181112136
24743,46.883772,-96.723526,13,362.5544647893759
24743,46.883798,-96.723757,14,380.4772119433516
24743,46.883781,-96.724048,15,402.83772570579043
24743,46.883739,-96.724476,16,435.94055246849337
24743,46.883721,-96.724662,17,450.32239790667074
24743,46.883719,-96.725148,18,487.5326118250331
24743,46.883719,-96.725418,19,508.2045717389287
24743,46.883689,-96.72562,20,524.0289248377225
24743,46.883613,-96.725747,21,536.9351430130318
24743,46.883481,-96.72581,22,552.4443596584061
24743,46.882784,-96.725801,23,630.279493013728
24743,46.882357,-96.725794,24,677.9644274537661
24743,46.88194,-96.725758,25,724.6111854125454
24743,46.881422,-96.725678,26,782.7782426311038
24743,46.881079,-96.725635,27,821.2213630559662
24743,46.880652,-96.7256,28,868.9785436598385
24743,46.879891,-96.725599,29,953.9573886559108
24743,46.879275,-96.72567,30,1022.958928718368
24743,46.879035,-96.725638,31,1049.8708509608568
24743,46.878258,-96.725634,32,1136.6368761076167
24743,46.878042,-96.72566,33,1160.8390316499745
24743,46.877764,-96.725623,34,1192.0115507138755
24743,46.877228,-96.725679,35,1252.0186215249232
24743,46.876732,-96.725707,36,1307.4470766437016
24743,46.876626,-96.725745,37,1319.6362102214866
24743,46.876588,-96.725881,38,1330.8814724746715
24743,46.876584,-96.726293,39,1362.4327060607334
24743,46.876568,-96.728053,40,1497.2128635756967
24743,46.876528,-96.728533,41,1534.2382430110904
24743,46.876529,-96.729634,42,1618.544972291013
24743,46.8765,-96.729812,43,1632.554341109594
24743,46.876417,-96.729955,44,1646.9001677206059
24743,46.876315,-96.729974,45,1658.3827165034118
24743,46.875944,-96.72996,46,1699.824938884044
24743,46.875878,-96.729893,47,1708.8048216450695
24743,46.875866,-96.729793,48,1716.5785519248993
24743,46.875929,-96.729353,49,1750.997587038027
24743,46.875992,-96.729125,50,1769.8204566651198
24743,46.876151,-96.728764,51,1802.6743427831761
24743,46.876218,-96.728458,52,1827.271253835862
24743,46.876208,-96.728157,53,1850.3468594222927
24743,46.876243,-96.7278,54,1877.9615168094824
24743,46.876238,-96.727184,55,1925.1340105110519
24743,46.876193,-96.726884,56,1948.649219014487
24743,46.876117,-96.726673,57,1966.8995166850307
24743,46.876,-96.726445,58,1988.7056082527301
24743,46.875909,-96.726142,59,2014.0351944817737
24743,46.875867,-96.725927,60,2031.153610692267
24743,46.875832,-96.725817,61,2040.4393332672128
24743,46.875756,-96.725768,62,2049.7184926250443
24743,46.875685,-96.725779,63,2057.6914877819113
24743,46.875168,-96.725835,64,2115.5825051740067
24743,46.874653,-96.725898,65,2173.2931379935117
24743,46.873883,-96.72593,66,2259.311836686763
24743,46.872974,-96.72593,67,2360.81737256568
24743,46.871472,-96.725946,68,2528.546066741195
24743,46.870435,-96.725971,69,2644.3608352968854
24743,46.869793,-96.725973,70,2716.051375682321
24743,46.869338,-96.726034,71,2767.0742847332986
24743,46.868994,-96.72607,72,2805.586627477557
24743,46.868684,-96.726226,73,2842.2071059836912
24743,46.868422,-96.726407,74,2874.5816369299323
24743,46.868014,-96.726579,75,2922.007903167277
24743,46.86756,-96.72671,76,2973.687979952121
24743,46.867052,-96.726798,77,3030.8138483207626
24743,46.866433,-96.726777,78,3099.954522474375
24743,46.865945,-96.726679,79,3154.9625553677624
24743,46.865385,-96.726482,80,3219.2906215886137
24743,46.864997,-96.726297,81,3264.8754806465104
24743,46.86427,-96.725952,82,3350.2495826242266
24743,46.863795,-96.725746,83,3405.5884171104594
24743,46.863556,-96.725662,84,3433.0414230121355
24743,46.863132,-96.725564,85,3480.979642532353
24743,46.862848,-96.725522,86,3512.8558966473797
24743,46.862703,-96.725492,87,3529.2098858891127
24743,46.86234,-96.725475,88,3569.766032201932
24743,46.862264,-96.725402,89,3579.9290702067087
24743,46.862188,-96.72522,90,3596.2492848652596
24743,46.862176,-96.725049,91,3609.4151883573645
24743,46.862163,-96.722755,92,3785.127578171185
24743,46.862157,-96.722123,93,3833.539647798325
24743,46.862167,-96.721694,94,3866.417479269518
24743,46.86217,-96.7202,95,3980.84964772429
24743,46.862159,-96.717283,96,4204.278792132455
24743,46.862164,-96.716455,97,4267.701529010793
24743,46.862138,-96.716026,98,4300.688637446292
24743,46.862144,-96.715254,99,4359.823526527265
24743,46.862122,-96.715165,100,4367.06962734517
24743,46.86206,-96.715122,101,4374.736564249941
24743,46.86104,-96.715106,102,4488.645219822876
24743,46.860499,-96.715084,103,4549.081479818652
24743,46.860061,-96.715122,104,4598.078898517285
24743,46.858555,-96.715084,105,4766.277137258859
24743,46.856859,-96.715104,106,4955.673440493476
24743,46.85553,-96.715109,107,5104.081630189351
24743,46.855212,-96.715129,108,5139.625310105874
24743,46.855154,-96.715166,109,5146.695134054862
24743,46.855094,-96.715238,110,5155.3734324307825
24743,46.855044,-96.715321,111,5163.835198897986
24743,46.855012,-96.715425,112,5172.566799495523
24743,46.855018,-96.716402,113,5247.41277596575
24743,46.855015,-96.717088,114,5299.964745290046
24743,46.85503,-96.717565,115,5336.543583509405
24743,46.855011,-96.71812,116,5379.112104068937
24743,46.855028,-96.719474,117,5482.85213452743
24743,46.855015,-96.720266,118,5543.540282026893
24743,46.855007,-96.720792,119,5583.84413980918
24743,46.854955,-96.721212,120,5616.5378208039865
24743,46.854836,-96.721764,121,5660.8623666161075
24743,46.854781,-96.721988,122,5679.087823034781
24743,46.854572,-96.722818,123,5746.817845199405
24743,46.854416,-96.723163,124,5778.471269773783
24743,46.854199,-96.724059,125,5851.26134640617
24743,46.85414,-96.724183,126,5862.821581233197
24743,46.854061,-96.724266,127,5873.695878291224
24743,46.853938,-96.724289,128,5887.5435279207595
24743,46.853228,-96.723918,129,5971.767574395817
24743,46.851967,-96.723261,130,6121.305141834104
24743,46.85122,-96.722913,131,6208.877623262922
24743,46.85069124650102,-96.7226531018524,132,6271.189061097889
24743,46.85025478977628,-96.72243301719664,133,6322.761281076278
24743,46.85015881157308,-96.72245589451217,134,6333.621310137019
24743,46.85010986240637,-96.72251599024774,135,6340.767956327065
24743,46.85005326864679,-96.72261722604772,136,6350.7725155042945
24743,46.849949499799045,-96.7227204910948,137,6364.803254159495
24743,46.84984947338676,-96.72282354942104,138,6378.481740212202
24743,46.8496393404647,-96.72303812614224,139,6407.132276635038
24743,46.84955762188413,-96.72308640590452,140,6416.978732951792
24743,46.84945774345008,-96.72307835927748,141,6428.148947143842
24743,46.84934229931438,-96.72302069178365,142,6441.776369920727
24743,46.84929604658455,-96.72302209751236,143,6446.942426698181
24743,46.84926576879555,-96.72306360712788,144,6451.584073041023
24743,46.84912957014484,-96.72376366368076,145,6507.331947986438
24743,46.84910233037322,-96.72381730786108,146,6512.444988514233
24743,46.84906256310351,-96.72382676021682,147,6516.944361969982
24743,46.84901931384131,-96.72379987350249,148,6522.194837730359
24743,46.84884030900768,-96.7235879789903,149,6547.945559797702
24743,46.84881896909992,-96.7235085501983,150,6554.480792320309
24743,46.84893889145366,-96.7229750942304,151,6597.488487205226
24743,46.84895575422234,-96.72291340342304,152,6602.576104434955
24743,46.848992074013815,-96.7228678058698,153,6607.928922612473
24743,46.8490452565213,-96.72287987581036,154,6613.9392511782635
24743,46.84950962837402,-96.72305690160536,155,6667.538809841367
24743,46.8495615132479,-96.72305421939632,156,6673.336314914166
24743,46.84959783262975,-96.7230314206197,157,6677.752142059856
24743,46.849863741641855,-96.7227404009416,158,6714.884234328058
24743,46.84994027130865,-96.72257410398268,159,6730.225258146372
24743,46.850119,-96.721878,160,6787.167093338409
24743,46.850351,-96.720934,161,6863.988320405536
24743,46.850544,-96.720316,162,6916.008434258636
24743,46.850557,-96.720137,163,6929.7984104567
24743,46.850524,-96.719946,164,6944.887982371074
24743,46.850472,-96.719789,165,6958.244229191518
24743,46.850416,-96.719706,166,6967.162666224877
24743,46.850294,-96.719601,167,6982.983817375207
24743,46.849971,-96.719452,168,7020.815861634434
24743,46.8497,-96.719281,169,7053.791910358091
24743,46.849475,-96.719069,170,7083.709789642354
24743,46.849151,-96.718578,171,7135.9023103767895
24743,46.849006,-96.718217,172,7167.950824421323
24743,46.848916,-96.717972,173,7189.242345534563
24743,46.848906,-96.717812,174,7201.551260080651
24743,46.848955,-96.717748,175,7208.898505179687
24743,46.849467,-96.71739,176,7272.311097692417
24743,46.849514,-96.717402,177,7277.639424476218
24743,46.849581,-96.717559,178,7291.804668315652
24743,46.849669,-96.717746,179,7309.1775163639895
24743,46.849803,-96.717911,180,7328.7658721597845
24743,46.849973,-96.718011,181,7349.237113849224
24743,46.850178,-96.718155,182,7374.648744781885
24743,46.850345,-96.718219,183,7393.931151958045
24743,46.850545,-96.718198,184,7416.32268270834
24743,46.850755,-96.718157,185,7439.982453073305
24743,46.850874,-96.71817,186,7453.3082496852485
24743,46.85102,-96.718231,187,7470.268367858706
24743,46.851055,-96.718304,188,7477.091286696445
24743,46.851061,-96.718414,189,7485.545018367267
24743,46.850877,-96.719108,190,7542.544807720752
24743,46.850842,-96.719314,191,7558.8033411540855
24743,46.850855,-96.719485,192,7571.983933549442
24743,46.850879,-96.719627,193,7583.187886382251
24743,46.850923,-96.719756,194,7594.224651705657
24743,46.851015,-96.719878,195,7608.113510864576
24743,46.851554,-96.720172,196,7672.378777981402
24743,46.851874,-96.720386,197,7711.693884532793
24743,46.853092,-96.721033,198,7856.455348238341
24743,46.853643,-96.721274,199,7920.694539173615
24743,46.854141,-96.721569,200,7980.721558139447
24743,46.854662,-96.72182,201,8041.99554758584
24743,46.854704,-96.721868,202,8047.955171229822
24743,46.85474,-96.721986,203,8057.848138641235
24743,46.854727,-96.722106,204,8067.154625672308
24743,46.854484,-96.723099,205,8147.918231323735
24743,46.854251,-96.724087,206,8227.951442731992
24743,46.854028,-96.724942,207,8298.023094516564
24743,46.853959,-96.725244,208,8322.407310267601
24743,46.853837,-96.725565,209,8350.519330872365
24743,46.853573,-96.726095,210,8400.69433000277
24743,46.853446,-96.726379,211,8426.664529411859
24743,46.853204,-96.726828,212,8470.406608516872
24743,46.852995,-96.72713,213,8503.26874680277
24743,46.852829,-96.727439,214,8533.334538789066
24743,46.852648,-96.727877,215,8572.505690083535
24743,46.852512,-96.728177,216,8600.052326623834
24743,46.852372,-96.728453,217,8626.34789242189
24743,46.852263,-96.728523,218,8639.648530038083
24743,46.85215,-96.728533,219,8652.290126885146
24743,46.851588,-96.727925,220,8730.443286548185
24743,46.851187,-96.727501,221,8785.76243221491
24743,46.850752,-96.727083,222,8843.943281940108
24743,46.85048,-96.726793,223,8881.574925988034
24743,46.850407,-96.726767,224,8889.966458449067
24743,46.850301,-96.726819,225,8902.455581578619
24743,46.850113,-96.727114,226,8933.301847881392
24743,46.850003,-96.727305,227,8952.406751620796
24743,46.849888,-96.72743,228,8968.426019070823
24743,46.849723,-96.72754,229,8988.686857260314
24743,46.849565,-96.727699,230,9010.126817171991
24743,46.849468,-96.727855,231,9026.256367557557
24743,46.849367,-96.728034,232,9044.01199240935
24743,46.849067,-96.728675,233,9103.458489965104
24743,46.848875,-96.729025,234,9137.790462361996
24743,46.848717,-96.729344,235,9167.933020440396
24743,46.848647,-96.729561,236,9186.303922655905
24743,46.848613,-96.730533,237,9260.86827032795
24743,46.848608,-96.731919,238,9367.054947523015
24743,46.848622,-96.732984,239,9448.662329459756
24743,46.848637,-96.733066,240,9455.164019696991
24743,46.848705,-96.733098,241,9463.143286963326
24743,46.849617,-96.73308,242,9564.992321738326
24743,46.85058,-96.733109,243,9672.549950141316
24743,46.850801,-96.733168,244,9697.638722813293
24743,46.851006,-96.733364,245,9725.01549347887
24743,46.851153,-96.733509,246,9744.83580416153
24743,46.85126,-96.733533,247,9756.924731475845
24743,46.851309,-96.73346,248,9764.748683650074
24743,46.851309,-96.73235,249,9849.784317341007
24743,46.851317,-96.731378,250,9924.25339735079
24743,46.851379,-96.730755,251,9972.480208371378
24743,46.851483,-96.730328,252,10007.192444887443
24743,46.851663,-96.729713,253,10058.415139235894
24743,46.851993,-96.729038,254,10121.912456721328
24743,46.852156,-96.728724,255,10152.077666779604
24743,46.85221,-96.728593,256,10163.785560911074
24743,46.852367,-96.728251,257,10195.310023306794
24743,46.85266,-96.727614,258,10254.062297981804
24743,46.852904,-96.727055,259,10304.818832158206
24743,46.853051,-96.726771,260,10332.073056904002
24743,46.853144,-96.726532,261,10353.12224976978
24743,46.853379,-96.726135,262,10393.291495952
24743,46.853683,-96.725584,263,10447.458559732597
24743,46.853822,-96.725264,264,10476.473295249227
24743,46.854004,-96.724534,265,10535.973953382285
24743,46.854086,-96.724347,266,10552.97565894446
24743,46.854211,-96.724263,267,10568.345930450367
24743,46.854308,-96.724277,268,10579.230641449549
24743,46.85554,-96.72492,269,10725.356928724088
24743,46.856046,-96.725182,270,10785.31918068065
24743,46.856247,-96.725246,271,10808.29350061151
24743,46.856419,-96.725293,272,10827.83481017507
24743,46.856599,-96.725322,273,10848.057318081517
24743,46.856745,-96.725328,274,10864.367228353378
24743,46.857067,-96.725338,275,10900.332273229575
24743,46.858119,-96.72532,276,11017.814415561705
24743,46.858419,-96.725285,277,11051.4217274605
24743,46.860249,-96.725291,278,11255.7734998015
24743,46.861465,-96.725205,279,11391.720689053569
24743,46.862255,-96.725196,280,11479.940598396166
24743,46.862932,-96.72518,281,11555.549335419808
24743,46.863287,-96.725229,282,11595.36850780358
24743,46.863649,-96.725311,283,11636.277077293731
24743,46.863943,-96.725408,284,11669.937401162995
24743,46.864295,-96.725568,285,11711.11028346921
24743,46.864722,-96.725786,286,11761.6310401679
24743,46.865342,-96.72608,287,11834.434449087363
24743,46.865835,-96.72627,288,11891.377170167802
24743,46.866055,-96.726312,289,11916.153655856422
24743,46.86636,-96.726381,290,11950.619695943276
24743,46.866602,-96.72641,291,11977.734277594733
24743,46.866908,-96.726404,292,12011.907530275754
24743,46.867395,-96.726357,293,12066.408456172763
24743,46.867884,-96.726244,294,12121.695256715539
24743,46.868213,-96.726098,295,12160.097645510623
24743,46.869071,-96.725855,296,12257.698799376994
24743,46.869585,-96.725761,297,12315.54546418585
24743,46.872438,-96.725764,298,12634.132297679647
24743,46.87303,-96.725753,299,12700.244693702118
24743,46.874311,-96.725724,300,12843.307717929269
24743,46.87496,-96.725655,301,12915.972142675426
24743,46.875488,-96.725566,302,12975.32504840231
24743,46.87581,-96.725498,303,13011.656992340811
24743,46.876356,-96.72543,304,13072.849288352087
24743,46.876802,-96.725401,305,13122.702394872857
24743,46.877454,-96.725402,306,13195.509529358376
24743,46.878076,-96.725397,307,13264.967658896692
24743,46.878383,-96.725398,308,13299.249612263298
24743,46.878571,-96.725382,309,13320.278786176219
24743,46.87895,-96.725414,310,13362.671570236278
24743,46.879334,-96.725383,311,13405.617468395525
24743,46.879612,-96.725422,312,13436.80427874863
24743,46.880201,-96.725444,313,13502.597895339519
24743,46.880732,-96.725452,314,13561.896402550467
24743,46.880981,-96.72547,315,13589.735698513063
24743,46.881135,-96.725488,316,13606.987602137644
24743,46.881326,-96.725513,317,13628.401780067119
24743,46.881638,-96.725555,318,13663.390072212922
24743,46.882111,-96.725615,319,13716.40810547274
24743,46.882382,-96.725643,320,13746.745781957254
24743,46.882681,-96.725637,321,13780.137460759594
24743,46.882897,-96.725614,322,13804.32179261624
24743,46.883323,-96.725608,323,13851.894276095732
24743,46.883467,-96.725587,324,13868.054548502436
24743,46.883544,-96.725579,325,13876.674718316635
24743,46.883601,-96.725496,326,13885.668953502807
24743,46.883623,-96.725408,327,13892.840405523311
24743,46.883628,-96.724374,328,13972.008499981228
24743,46.883625,-96.724039,329,13997.65930750878
24743,46.883623,-96.723584,330,14032.496226392796
24743,46.883595,-96.723495,331,14039.993453377174
24743,46.883543,-96.723431,332,14047.591371475068
24743,46.882961,-96.723446,333,14112.592046542379
24743,46.882838,-96.723455,334,14126.34443242155
24743,46.882812,-96.723494,335,14130.509251023055
24743,46.882807,-96.723711,336,14147.133077137654
25189,46.892569,-96.799251,0,0
25189,46.892465,-96.799187,1,12.603407230058462
25189,46.892375,-96.798988,2,30.851860437666435
25189,46.892366,-96.798177,3,92.93702869422104
25189,46.892333,-96.798149,4,97.1997153750979
25189,46.890437,-96.798174,5,308.91155153815066
25189,46.888869,-96.798201,6,484.00317556893276
25189,46.888684,-96.798196,7,504.66341340523786
25189,46.888612,-96.798195,8,512.7031391693416
25189,46.887021,-96.798201,9,690.3512869260231
25189,46.8869,-96.798214,10,703.8984820508706
25189,46.886712,-96.798209,11,724.8936368311129
25189,46.886105,-96.798222,12,792.677224161314
25189,46.886005,-96.798222,13,803.8430035746082
25189,46.885915,-96.798219,14,813.8948289799956
25189,46.883534,-96.798176,15,1079.772425179985
25189,46.88306,-96.79818,16,1132.699108875655
25189,46.882244,-96.798197,17,1223.821168759464
25189,46.880776,-96.798205,18,1387.7359621973776
25189,46.880538,-96.798202,19,1414.3115109667028
25189,46.880504,-96.798138,20,1420.5100083328407
25189,46.880491,-96.797397,21,1477.2602341414606
25189,46.880506,-96.797197,22,1492.6637582508195
25189,46.880492,-96.797149,23,1496.6573434309253
25189,46.880491,-96.794116,24,1728.8673153987918
25189,46.880491,-96.792828,25,1827.4783163493714
25189,46.880484,-96.791884,26,1899.7565427687996
25189,46.880312,-96.79081,27,1984.1968143065992
25189,46.880258,-96.790508,28,2008.0917563821108
25189,46.880152,-96.790479,29,2020.1340432225452
25189,46.879632,-96.790634,30,2079.396952802777
25189,46.878574,-96.790971,31,2200.316806012133
25189,46.878295,-96.791073,32,2232.4335570002113
25189,46.878288,-96.79116,33,2239.1403864028143
25189,46.878345,-96.791566,34,2270.8704985705785
25189,46.878363,-96.79165,35,2277.6086537999313
25189,46.878407,-96.792047,36,2308.3992498212992
25189,46.878448,-96.792527,37,2345.4342040226106
25189,46.87846,-96.79294,38,2377.0836469874293
25189,46.878475,-96.793209,39,2397.747427143749
25189,46.878437,-96.793777,40,2441.442423150839
25189,46.878454,-96.793939,41,2453.9902370702107
25189,46.878505,-96.79399,42,2460.894978166245
25189,46.8792,-96.793987,43,2538.4978707145924
25189,46.879279,-96.793968,44,2547.438025071296
25189,46.879428,-96.793993,45,2564.1848628945386
25189,46.881054,-96.794003,46,2745.742949610775
25189,46.882855,-96.793968,47,2946.8574856746145
25189,46.883865,-96.79394,48,3059.652791106708
25189,46.88426,-96.793949,49,3103.7632216466845
25189,46.884628,-96.793952,50,3144.8541366899376
25189,46.884896,-96.793904,51,3175.003350201049
25189,46.885411,-96.793877,52,3232.544541390963
25189,46.886113,-96.793878,53,3310.928747435702
25189,46.886273,-96.793866,54,3328.817687716678
25189,46.886538,-96.793864,55,3358.407549543023
25189,46.886663,-96.793861,56,3372.36673402086
25189,46.887196,-96.793781,57,3432.194911383712
25189,46.887488,-96.793755,58,3464.859850371258
25189,46.88764,-96.79374,59,3481.8707229031975
25189,46.887832,-96.793759,60,3503.35841279526
25189,46.888082,-96.793768,61,3531.2815068940577
25189,46.88972,-96.793772,62,3714.1781769650966
25189,46.89031,-96.793745,63,3780.089029511331
25189,46.8907,-96.793724,64,3823.6654554278657
25189,46.890805,-96.793725,65,3835.3898349168694
25189,46.890892,-96.793737,66,3845.147445217879
25189,46.892734,-96.793724,67,4050.8245807336766
25189,46.894333,-96.793692,68,4229.383127230558
25189,46.89488,-96.79367,69,4290.483469823679
25189,46.895054,-96.793631,70,4310.140010909028
25189,46.895152,-96.793665,71,4321.387727019911
25189,46.895747,-96.793643,72,4387.8458014091475
25189,46.897869,-96.793621,73,4624.7908797040345
25189,46.899132,-96.793597,74,4765.82738596182
25189,46.899327,-96.793552,75,4787.871474251078
25189,46.899474,-96.793589,76,4804.527739855897
25189,46.900489,-96.793563,77,4917.878474743807
25189,46.901041,-96.793541,78,4979.5369012628025
25189,46.901134,-96.793667,79,4993.707986622389
25189,46.901154,-96.794078,80,5025.241661431847
25189,46.901159,-96.795948,81,5168.356677973889
25189,46.901194,-96.796262,82,5192.703232485658
25189,46.901166,-96.796466,83,5208.625590094942
25189,46.901148,-96.797458,84,5284.571276051234
25189,46.901147,-96.797774,85,5308.755422359762
25189,46.901127,-96.798034,86,5328.7784765867955
25189,46.901024,-96.798061,87,5340.463387332429
25189,46.900867,-96.798102,88,5358.272269959752
25189,46.900745,-96.798077,89,5372.02823026002
25189,46.900045,-96.798088,90,5450.193227395079
25189,46.899665,-96.798069,91,5492.648103720973
25189,46.899541,-96.79811,92,5506.844793082152
25189,46.899362,-96.798091,93,5526.884368164885
25189,46.899101,-96.798103,94,5556.041522784376
25189,46.8972,-96.798104,95,5768.303020885423
25189,46.897083,-96.798129,96,5781.506365962044
25189,46.896942,-96.79811,97,5797.317133909465
25189,46.896271,-96.798105,98,5872.240497523897
25189,46.895473,-96.79811,99,5961.344246984232
25189,46.8946,-96.798137,100,6058.843412436102
25189,46.894459,-96.798154,101,6074.640841325347
25189,46.894133,-96.798145,102,6111.04780169203
25189,46.892828,-96.798144,103,6256.761251383159
25189,46.892777,-96.798171,104,6262.819220337155
25189,46.892757,-96.798423,105,6282.236965366145
25189,46.892752,-96.798989,106,6325.56404385136
25189,46.892677,-96.799249,107,6347.155457183589
25189,46.892618,-96.799258,108,6353.7791798126655
25189,46.892569,-96.799251,109,6354.059836823349
25190,46.892181,-96.802671,0,0
25190,46.891846,-96.80231,1,46.504787884887634
25190,46.891671,-96.802141,2,69.93879163493543
25190,46.891315,-96.802096,3,109.8377470379775
25190,46.891173,-96.802199,4,127.54512927302247
25190,46.891025,-96.802111,5,145.39053022617767
25190,46.890399,-96.802079,6,215.33089852008447
25190,46.8904,-96.803174,7,299.14915688665633
25190,46.890437,-96.803957,8,359.2270276555059
25190,46.890453,-96.804113,9,371.30111844607774
25190,46.890523,-96.80415,10,379.61442696277095
25190,46.891359,-96.804139,11,472.96349412447915
25190,46.892438,-96.804128,12,593.4443631872874
25190,46.893016,-96.804098,13,658.0229618330459
25190,46.894129,-96.804122,14,782.3108063479071
25190,46.894162,-96.804188,15,788.5635224153792
25190,46.894186,-96.804514,16,813.6592794524798
25190,46.894173,-96.805379,17,879.8828515370346
25190,46.894169,-96.806775,18,986.7344086552911
25190,46.894161,-96.807426,19,1036.5702662875647
25190,46.894192,-96.807592,20,1049.7390193112503
25190,46.894166,-96.80804,21,1084.1517867610503
25190,46.894171,-96.808799,22,1142.2485996318976
25190,46.89411717910284,-96.80891584664565,23,1153.0235409752324
25190,46.89311565856516,-96.80893193989972,24,1264.8565014369847
25190,46.89305441182761,-96.8090177705882,25,1274.339459317422
25190,46.893072556811454,-96.8092886736987,26,1295.1736347513568
25190,46.89327474335912,-96.8093074491618,27,1317.7947421388071
25190,46.89327,-96.809573,28,1338.1273146588956
25190,46.89301552969866,-96.80956762343624,29,1366.5435108564463
25190,46.89301552969866,-96.80893462210874,30,1414.9946594910014
25190,46.893072556811454,-96.80888366013744,31,1422.4619210354065
25190,46.894257,-96.808853,32,1554.7334100895716
25190,46.895843,-96.808879,33,1731.8316502540347
25190,46.896376,-96.808841,34,1791.415540342437
25190,46.8966,-96.808854,35,1816.446358743747
25190,46.897638,-96.808845,36,1932.3477558307345
25190,46.899525,-96.808853,37,2143.0442837677697
25190,46.901146,-96.808826,38,2324.051113741529
25190,46.903259,-96.808815,39,2559.982606024526
25190,46.903666,-96.808758,40,2605.6356346166776
25190,46.903737,-96.808672,41,2615.939047681992
25190,46.903747,-96.80766,42,2693.392040971575
25190,46.903729,-96.806952,43,2747.610213763233
25190,46.903664,-96.806767,44,2763.519570014261
25190,46.903617,-96.806727,45,2769.594951505297
25190,46.903508,-96.806673,46,2782.447974305538
25190,46.903151,-96.806668,47,2822.3112480194213
25190,46.902892,-96.806676,48,2851.2368096417454
25190,46.902194,-96.806657,49,2929.1867404601003
25190,46.90134,-96.806687,50,3024.5691870094315
25190,46.901199,-96.806639,51,3040.735664554655
25190,46.901197,-96.80574,52,3109.536907103648
25190,46.901186,-96.804681,53,3190.592068639675
25190,46.901168,-96.803795,54,3258.4280134556557
25190,46.901121,-96.803366,55,3291.67648257177
25190,46.901117,-96.803081,56,3313.492342565613
25190,46.901104,-96.802842,57,3331.840726390475
25190,46.90110824330469,-96.80066930272866,58,3498.120059942257
25190,46.90107751996688,-96.79813661601618,59,3691.97999864868
25190,46.901022898960704,-96.7980818316696,60,3699.38101410513
25190,46.89947244293099,-96.79800615610642,61,3872.5983899401053
25190,46.8994141267071,-96.79792300762696,62,3881.7030773642027
25190,46.899407,-96.795309,63,4081.7647995785464
25190,46.899420881926375,-96.79368353882674,64,4206.177601564037
25190,46.8994960450381,-96.79362251857164,65,4215.782063686063
25190,46.90108921310433,-96.79360994113064,66,4393.675243326276
25190,46.901150119255995,-96.79370247734164,67,4403.49376291783
25190,46.901194,-96.796262,68,4599.439119763459
25190,46.9011542004159,-96.7978700387978,69,4722.5846354567375
25190,46.901168812704,-96.8026166573086,70,5085.851943463251
25190,46.90107810142066,-96.80277758984948,71,5101.798082204589
25190,46.900907,-96.802793,72,5120.93915342047
25190,46.899665,-96.802784,73,5259.619097687496
25190,46.898503,-96.802773,74,5389.367489436506
25190,46.897781,-96.802827,75,5470.089851855963
25190,46.897448,-96.802763,76,5507.592957770048
25190,46.897197,-96.802804,77,5535.794042601986
25190,46.896921,-96.802835,78,5566.7026272204475
25190,46.89599,-96.802815,79,5670.666741115218
25190,46.895621,-96.802828,80,5711.880257246504
25190,46.894837,-96.802818,81,5799.422840994092
25190,46.894208,-96.802849,82,5869.695282891812
25190,46.893742,-96.802798,83,5921.873757821862
25190,46.892801,-96.802797,84,6026.943206427021
25190,46.892464,-96.802754,85,6064.715354803562
25190,46.892217,-96.802693,86,6092.687133728697
25190,46.892181,-96.802671,87,6093.784359811431
25876,46.858567,-96.844942,0,0
25876,46.858233,-96.845643,1,65.36912838771576
25876,46.858193,-96.845647,2,69.84568930240437
25876,46.858159,-96.845648,3,73.6426178103766
25876,46.857979,-96.845652,4,93.74224899854639
25876,46.857875,-96.845655,5,105.35629320340877
25876,46.85784,-96.845599,6,111.15857170347614
25876,46.857822,-96.845435,7,123.87897114795412
25876,46.857821,-96.845173,8,143.9456703438752
25876,46.857819,-96.84491,9,164.08989261598336
25876,46.857818,-96.844722,10,178.48911710379383
25876,46.857921,-96.844566,11,195.0724206621849
25876,46.857929,-96.844554,12,196.354029767948
25876,46.858062,-96.844347,13,218.07638652159744
25876,46.858072,-96.84433,14,219.79156895564606
25876,46.858103,-96.84428,15,224.95341244698056
25876,46.858122,-96.844251,16,228.02480733811208
25876,46.858149,-96.844207,17,232.54632456665627
25876,46.858173,-96.844174,18,236.22985686131966
25876,46.858209,-96.844118,19,242.10790219640307
25876,46.858237,-96.844068,20,247.0513889126527
25876,46.858262,-96.844015,21,251.97769359972386
25876,46.858284,-96.843974,22,255.96443148523372
25876,46.8583,-96.843943,23,258.93569303961687
25876,46.858338,-96.843864,24,266.3255324308877
25876,46.858378,-96.843761,25,275.39064676211984
25876,46.858382,-96.843748,26,276.48187586920056
25876,46.858401,-96.843679,27,282.1763830519878
25876,46.858417,-96.843602,28,288.33834047887956
25876,46.858426,-96.843562,29,291.56247609133715
25876,46.858465,-96.843296,30,312.39518796060565
25876,46.858508,-96.843036,31,332.8787899417427
25876,46.85862,-96.842089,32,406.4781733160569
25876,46.858678,-96.842045,33,413.77833924257703
25876,46.859027,-96.8421,34,452.97194445397145
25876,46.859236,-96.842133,35,476.4437032743262
25876,46.859646,-96.842172,36,522.3184057702947
25876,46.859727,-96.842181,37,531.3884545851943
25876,46.859884,-96.842199,38,548.9719567873336
25876,46.86001,-96.842213,39,563.0809207205505
25876,46.860259,-96.842248,40,591.0112153058966
25876,46.860445,-96.842275,41,611.881196579936
25876,46.860503,-96.842287,42,618.4219051390214
25876,46.860538,-96.842301,43,622.4741502505173
25876,46.860566,-96.842313,44,625.7326931326284
25876,46.860596,-96.842333,45,629.4158585651312
25876,46.860644,-96.842379,46,635.829371826056
25876,46.860673,-96.842414,47,640.0328337883396
25876,46.860695,-96.842446,48,643.5026646669337
25876,46.860717,-96.842494,49,647.9239009768371
25876,46.860741,-96.842563,50,653.8488721017172
25876,46.860751,-96.842613,51,657.8375928354252
25876,46.860761,-96.842712,52,665.5013054046732
25876,46.860762,-96.842866,53,677.2959658297212
25876,46.860762,-96.842882,54,678.5213300553615
25876,46.860763,-96.84303,55,689.8564978607908
25876,46.860763,-96.843055,56,691.7711290540535
25876,46.860764,-96.843106,57,695.6785719854655
25876,46.860767,-96.843346,58,714.0620784332339
25876,46.860767,-96.843385,59,717.0489017500419
25876,46.860774,-96.843614,60,734.6043178574193
25876,46.860777,-96.843704,61,741.5051175518068
25876,46.860778,-96.843875,62,754.6016559361695
25876,46.860779,-96.843949,63,760.2700566243569
25876,46.860779,-96.844136,64,774.5914770301601
25876,46.860779,-96.844189,65,778.6504886645404
25876,46.860779,-96.844286,66,786.0792451606412
25876,46.860786,-96.844445,67,798.2813322777258
25876,46.860793,-96.8446,68,810.1777204889055
25876,46.860836,-96.845042,69,844.3670668454154
25876,46.860916,-96.845085,70,853.886936987121
25876,46.861036,-96.845076,71,867.3028609493801
25876,46.861201,-96.84504,72,885.93055691531
25876,46.861512,-96.844983,73,920.9275613463608
25876,46.861757,-96.844892,74,949.1560404753263
25876,46.862081,-96.844843,75,985.5253207019703
25876,46.862401,-96.844793,76,1021.4584870614824
25876,46.862801,-96.844731,77,1066.3708801821772
25876,46.862902,-96.844715,78,1077.7140829637317
25876,46.863155,-96.844683,79,1106.0680815958071
25876,46.863406,-96.844655,80,1134.1745907286559
25876,46.863811,-96.84461,81,1179.5246858411124
25876,46.863889,-96.844599,82,1188.2741710132614
25876,46.8642,-96.844548,83,1223.2168296708048
25876,46.864824,-96.844399,84,1293.8157404284977
25876,46.865574,-96.843916,85,1385.3596022884371
25876,46.865844,-96.84366,86,1421.3192773920634
25876,46.866039,-96.843511,87,1445.9000709895631
25876,46.866153,-96.843361,88,1463.0451251231493
25876,46.866168,-96.843168,89,1477.9191672803297
25876,46.866133,-96.843047,90,1487.97538686048
25876,46.865985,-96.842424,91,1538.4640172291192
25876,46.865966,-96.841952,92,1574.6709581267278
25876,46.865955,-96.840893,93,1655.7762854763466
25876,46.86598,-96.840515,94,1684.8570346750516
25876,46.865962,-96.839413,95,1769.2699674654941
25876,46.865954,-96.837012,96,1953.1364403988225
25876,46.865946,-96.836753,97,1972.9903357762253
25876,46.865961,-96.836562,98,1987.7123763326438
25876,46.866106,-96.836503,99,2004.5206619563528
25876,46.86688615021469,-96.83629979629517,100,2093.0056520924286
25876,46.867402,-96.836162,101,2151.560377031986
25876,46.867542,-96.836125,102,2167.446485789661
25876,46.867728,-96.836079,103,2188.510539747355
25876,46.867896,-96.836043,104,2207.46971391513
25876,46.867974,-96.836025,105,2216.287041095548
25876,46.868097,-96.836013,106,2230.051054717053
25876,46.868442,-96.835974,107,2268.686897090737
25876,46.868573,-96.835956,108,2283.3782281185095
25876,46.869068,-96.835823,109,2339.5769331315323
25876,46.869794,-96.835576,110,2422.8142697745193
25876,46.870064,-96.835434,111,2454.861557586925
25876,46.870486,-96.835334,112,2502.597257905026
25876,46.87094,-96.835193,113,2554.4247511207504
25876,46.871161,-96.835074,114,2580.728726795272
25876,46.871242,-96.834925,115,2595.2875397665885
25876,46.871245,-96.834113,116,2657.4640601152823
25876,46.87123,-96.833236,117,2724.6377454764875
25876,46.871215,-96.831258,118,2876.104819756592
25876,46.871219,-96.828685,119,3073.1235401228355
25876,46.871124,-96.828187,120,3112.7039717928574
25876,46.870998,-96.827891,121,3139.380428976673
25876,46.870807,-96.827668,122,3166.700188313116
25876,46.8704,-96.827049,123,3232.3636482454635
25876,46.86981,-96.826225,124,3323.582025271354
25876,46.869739,-96.826126,125,3334.5507551998403
25876,46.869678,-96.826043,126,3343.866468785083
25876,46.869287,-96.82552,127,3403.1099132325003
25876,46.869142,-96.825365,128,3423.1844438447806
25876,46.869075,-96.825201,129,3437.8020081269265
25876,46.869038,-96.825125,130,3444.9389357242776
25876,46.868962,-96.825016,131,3456.841649483327
25876,46.868872,-96.824907,132,3469.9048585704963
25876,46.868832,-96.824867,133,3475.320459651579
25876,46.86878,-96.824828,134,3481.8495287348314
25876,46.868725,-96.824799,135,3488.3797044164103
25876,46.868662,-96.824778,136,3495.5953987350613
25876,46.868559,-96.824748,137,3507.322998678932
25876,46.8685,-96.824742,138,3513.9266085102918
25876,46.868262,-96.824733,139,3540.5092804125316
25876,46.868008,-96.824748,140,3568.8927381683748
25876,46.8678,-96.824787,141,3592.3080786191763
25876,46.867481,-96.824837,142,3628.131021364446
25876,46.867214,-96.824798,143,3658.0919518861506
25876,46.866995,-96.82479,144,3682.551927180689
25876,46.866323,-96.824802,145,3757.589276192105
25876,46.866136,-96.824853,146,3778.830767127156
25876,46.866018,-96.82481,147,3792.4112481279526
25876,46.86579,-96.824789,148,3817.919184123493
25876,46.865766,-96.824674,149,3827.124515550978
25876,46.865763,-96.823846,150,3890.53342345596
25876,46.865747,-96.822841,151,3967.5168871755905
25876,46.86573,-96.822693,152,3979.008558653652
25876,46.865745,-96.82232,153,4007.6219316505044
25876,46.865745,-96.821527,154,4068.3498512155284
25876,46.86575,-96.821051,155,4104.806218957439
25876,46.865743,-96.820798,156,4124.1967326781805
25876,46.865738,-96.820529,157,4144.804341089362
25876,46.865735,-96.820394,158,4155.148081901159
25876,46.865734,-96.820035,159,4182.64057945558
25876,46.865734,-96.819907,160,4192.442840445784
25876,46.865732,-96.819551,161,4219.70630157145
25876,46.865787,-96.819494,162,4227.240625869392
25876,46.866287,-96.819453,163,4283.156367194098
25876,46.866596,-96.819408,164,4317.829448585593
25876,46.866972,-96.819468,165,4360.062429696073
25876,46.867419,-96.819482,166,4409.983745399614
25876,46.868249,-96.819463,167,4502.6688484956785
25876,46.868618,-96.819379,168,4544.368663589291
25876,46.869015,-96.819442,169,4588.957466006131
25876,46.869607,-96.819385,170,4655.2012066825055
25876,46.869764,-96.819439,171,4673.212142312576
25876,46.870305,-96.819446,172,4733.61989823693
25876,46.870953,-96.819462,173,4805.9827367454645
25876,46.871302,-96.819475,174,4844.963057480817
25876,46.872203,-96.8194,175,4945.728034182
25876,46.87284,-96.819299,176,5017.271520684801
25876,46.873313,-96.819371,177,5070.371327835327
25876,46.873708,-96.819367,178,5114.476136105633
25876,46.873884,-96.819343,179,5134.213160008855
25876,46.873955,-96.81932,180,5142.333922385585
25876,46.87401,-96.819126,181,5158.407549290185
25876,46.873958,-96.818098,182,5237.333750612847
25876,46.873905,-96.817363,183,5293.921941079378
25876,46.873851,-96.816609,184,5351.968756904319
25876,46.874265,-96.81656,185,5398.346106232138
25876,46.874395,-96.816509,186,5413.377406339303
25876,46.874538,-96.816484,187,5429.458465942907
25876,46.874884,-96.816423,188,5468.3725542874045
25876,46.874964,-96.817439,189,5546.676018317367
25876,46.874987,-96.817813,190,5575.427035848337
25876,46.874976,-96.817908,191,5582.803871715556
25876,46.874949,-96.817946,192,5586.993602380859
25876,46.874911,-96.817977,193,5591.855297415546
25876,46.87484,-96.817999,194,5599.959806150508
25876,46.874225,-96.818127,195,5669.323642316187
25876,46.874109,-96.818164,196,5682.581863868959
25876,46.873992,-96.818213,197,5696.173610051253
25876,46.874029,-96.819083,198,5762.916096744454
25876,46.874008,-96.8195,199,5794.931069479411
25876,46.873916,-96.819561,200,5806.215330839511
25876,46.873688,-96.819531,201,5831.77610062581
25876,46.873231,-96.819539,202,5882.80612532258
25876,46.872268,-96.819548,203,5990.3321254549655
25876,46.870916,-96.819583,204,6141.313507651874
25876,46.870127,-96.81959,205,6229.410951560463
25876,46.869946,-96.819621,206,6249.759444541689
25876,46.869819,-96.819758,207,6267.398374103062
25876,46.869776,-96.82,208,6286.541225455196
25876,46.869764,-96.820289,209,6308.711737348204
25876,46.869771,-96.820737,210,6343.025936898635
25876,46.869775,-96.821038,211,6366.079122727436
25876,46.869777,-96.821405,212,6394.182759259622
25876,46.869786,-96.821942,213,6435.315381891828
25876,46.8698,-96.822642,214,6488.940060302098
25876,46.869795,-96.823056,215,6520.646641792575
25876,46.869797,-96.823289,216,6538.489792016734
25876,46.869807,-96.823368,217,6544.641318931874
25876,46.869813,-96.823413,218,6548.151667764979
25876,46.869814,-96.823459,219,6551.675840850627
25876,46.86983,-96.823543,220,6558.351532865463
25876,46.869862,-96.82365,221,6567.290096349402
25876,46.869912,-96.823761,222,6577.459250761006
25876,46.869937,-96.823806,223,6581.893817962219
25876,46.869948,-96.823824,224,6583.7399656920925
25876,46.869943,-96.824,225,6597.2285064937205
25876,46.869718,-96.824553,226,6646.465252064345
25876,46.869523,-96.824873,227,6679.244497952474
25876,46.869264,-96.825198,228,6717.397159295483
25876,46.869033,-96.825316,229,6744.726276423771
25876,46.868885,-96.825443,230,6763.900381807449
25876,46.868763,-96.825604,231,6782.272878473785
25876,46.868536,-96.825947,232,6818.77308561544
25876,46.868302,-96.826295,233,6856.09277884538
25876,46.86795,-96.826817,234,6912.150671426578
25876,46.8677,-96.827189,235,6952.033542116932
25876,46.867602,-96.827335,236,6967.677277961655
25876,46.867171,-96.828049,237,7040.514634430534
25876,46.866957,-96.828399,238,7076.421101928622
25876,46.86675,-96.828629,239,7105.4795728022045
25876,46.865166,-96.831085,240,7363.651166999914
25876,46.864817,-96.831637,241,7421.143585212275
25876,46.864693,-96.831703,242,7435.882340790421
25876,46.864214,-96.831022,243,7510.582554249076
25876,46.863774,-96.830423,244,7577.797132276689
25876,46.863597,-96.830231,245,7602.429735564649
25876,46.863478,-96.830165,246,7616.645430567684
25876,46.863377,-96.830141,247,7628.071249363934
25876,46.863292,-96.830121,248,7637.684610332057
25876,46.863243,-96.830109,249,7643.232286489731
25876,46.863158,-96.830102,250,7652.73797596305
25876,46.862786,-96.830102,251,7694.273137745212
25876,46.862328,-96.830193,252,7745.883211901959
25876,46.861927,-96.830235,253,7790.771715412501
25876,46.861739,-96.830269,254,7811.923487297323
25876,46.861627,-96.830371,255,7826.668061908187
25876,46.861652,-96.832178,256,7965.085370057634
25876,46.861655,-96.83248,257,7988.216441922569
25876,46.861678,-96.835379,258,8210.250515274945
25876,46.861726,-96.835853,259,8246.945079636585
25876,46.861699,-96.836371,260,8286.730228687482
25876,46.861713,-96.837949,261,8407.59054736956
25876,46.861741,-96.838648,262,8461.214171816191
25876,46.861719,-96.839897,263,8556.89936485688
25876,46.861659,-96.841366,264,8669.600735254204
25876,46.861677,-96.841889,265,8709.704595123765
25876,46.861753,-96.844488,266,8908.926864271145
25876,46.861758,-96.84461,267,8918.286737518407
25876,46.861757,-96.844892,268,8939.88362055153
25876,46.861757,-96.845114,269,8956.885190072839
25876,46.861764,-96.845492,270,8985.844344952586
25876,46.861776,-96.846031,271,9027.14462225007
25876,46.861783,-96.846359,272,9052.276168715736
25876,46.861794,-96.846935,273,9096.405332892526
25876,46.861796,-96.847027,274,9103.454544935254
25876,46.861802,-96.847376,275,9130.190542431683
25876,46.861813,-96.847973,276,9175.927287306555
25876,46.861816,-96.84811,277,9186.424543925643
25876,46.861824,-96.848949,278,9250.68409274802
25876,46.861831,-96.849652,279,9304.527729304937
25876,46.861835,-96.850072,280,9336.695734098936
25876,46.861835,-96.850845,281,9395.894431709206
25876,46.862482,-96.850849,282,9468.133260278573
25876,46.862805,-96.850806,283,9504.346559619342
25881,46.83341,-96.914933,0,0
25881,46.83352,-96.91483,1,14.597734747739615
25881,46.833502,-96.912919,2,161.0286835288085
25881,46.833486,-96.911997,3,231.6932757137875
25881,46.833474,-96.910999,4,308.17011283871375
25881,46.833461,-96.910703,5,330.8955562261812
25881,46.833455,-96.910512,6,345.54500288173176
25881,46.833456,-96.909961,7,387.7619356556433
25881,46.833446,-96.9092,8,446.07933915256194
25881,46.833434,-96.908493,9,500.2652749567983
25881,46.833429,-96.907661,10,564.0144856923063
25881,46.833421,-96.906132,11,681.1680714934141
25881,46.833386,-96.904624,12,796.7755624864145
25881,46.833394,-96.903658,13,870.795018439526
25881,46.833309,-96.899332,14,1202.3863908616365
25881,46.833303,-96.897884,15,1313.3337773171265
25881,46.833241,-96.89574,16,1477.752687965199
25881,46.833214,-96.895391,17,1504.662475677666
25881,46.833219,-96.895002,18,1534.4729437344204
25881,46.833213,-96.893946,19,1615.38667041871
25881,46.833294,-96.893837,20,1627.6964298541463
25881,46.833668,-96.8938,21,1669.547945875684
25881,46.834377,-96.893694,22,1749.1201161081317
25881,46.834763,-96.893596,23,1792.864491716411
25881,46.834971,-96.893578,24,1816.1276620775702
25881,46.83507,-96.893432,25,1831.8533544212535
25881,46.835057,-96.892919,26,1871.1850153991684
25881,46.835099,-96.892709,27,1887.9440951693662
25881,46.83513,-96.892277,28,1921.223390061394
25881,46.835165,-96.8921,29,1935.3364633481515
25881,46.835209,-96.891728,30,1964.258458165902
25881,46.835307,-96.891259,31,2001.8209080816048
25881,46.835457,-96.890542,32,2059.2515499142787
25881,46.83555,-96.890262,33,2083.0849836039442
25881,46.835616,-96.890056,34,2100.503489624648
25881,46.835669,-96.889879,35,2115.299459072443
25881,46.835739,-96.889704,36,2130.8188568218607
25881,46.835798,-96.889536,37,2145.2780934570756
25881,46.835853,-96.889253,38,2167.8134174499755
25881,46.835926,-96.889157,39,2178.7917747098504
25881,46.836068,-96.888755,40,2213.4324473940537
25881,46.836121,-96.888525,41,2232.0212153841608
25881,46.8362,-96.888224,42,2256.7118924197516
25881,46.836262,-96.887968,43,2277.5113307173324
25881,46.836315,-96.887729,44,2296.7549854532713
25881,46.836402,-96.887152,45,2342.0171202493207
25881,46.836434,-96.88693,46,2359.3971044405694
25881,46.836468,-96.886707,47,2376.899138267516
25881,46.836502,-96.886473,48,2395.2247951960667
25881,46.836543,-96.886158,49,2419.7891686309113
25881,46.836575,-96.885908,50,2439.2735584307993
25881,46.836606,-96.885625,51,2461.2304250721195
25881,46.836615,-96.885431,52,2476.127882387234
25881,46.836645,-96.885357,53,2482.712921356142
25881,46.8368,-96.885314,54,2500.328935721384
25881,46.837029,-96.885389,55,2526.533758717171
25881,46.837097,-96.885401,56,2534.181187692765
25881,46.837794,-96.88564,57,2614.124115578753
25881,46.838345,-96.885638,58,2675.6415170230903
25881,46.83857,-96.885604,59,2700.896669495408
25881,46.83899,-96.885653,60,2747.938221981569
25881,46.840057,-96.885635,61,2867.072997081951
25881,46.840301,-96.885599,62,2894.453994920758
25881,46.840357,-96.885616,63,2900.840406025813
25881,46.840528,-96.885635,64,2919.987363937793
25881,46.840734,-96.886241,65,2971.797812511896
25881,46.840962,-96.887773,66,3091.8929857022617
25881,46.841078,-96.889542,67,3228.0326704570757
25881,46.841142,-96.889647,68,3238.79192305024
25881,46.841491,-96.889644,69,3277.7570420432767
25881,46.842294,-96.889379,70,3369.6785796202826
25881,46.84322,-96.889534,71,3473.7424225842415
25881,46.843813,-96.889489,72,3540.0381755609083
25881,46.843853,-96.889341,73,3552.223617616948
25881,46.843832,-96.887305,74,3708.2100737757905
25881,46.84378,-96.885194,75,3870.028998690467
25881,46.843758,-96.884916,76,3891.4666187682255
25881,46.843732,-96.884493,77,3924.000706146979
25881,46.843721,-96.883605,78,3992.0379749683275
25881,46.843742,-96.882541,79,4073.5806238329023
25881,46.843743,-96.881503,80,4153.097957898182
25881,46.843859,-96.879796,81,4284.504606033274
25881,46.843854,-96.878339,82,4396.121406455956
25881,46.843817,-96.877859,83,4433.123807831826
25881,46.843857,-96.877454,84,4464.469196540428
25881,46.843831,-96.875606,85,4606.0678775321385
25881,46.843863,-96.875382,86,4623.595746395339
25881,46.844074,-96.875261,87,4648.911476154816
25881,46.844199,-96.875261,88,4662.8674535481305
25881,46.844329,-96.875217,89,4677.7679195803585
25881,46.844496,-96.875024,90,4701.56366084491
25881,46.844665,-96.874985,91,4720.667212219894
25881,46.844832,-96.875307,92,4751.588089847083
25881,46.844733,-96.875625,93,4778.338885749132
25881,46.844615,-96.875681,94,4792.19417595734
25881,46.844458,-96.875595,95,4810.9200455698465
25881,46.844362,-96.875515,96,4823.266609344356
25881,46.844252,-96.875397,97,4838.515936120799
25881,46.844129,-96.87538,98,4852.310228066247
25881,46.843988,-96.875492,99,4870.238867770728
25881,46.844009,-96.877892,100,5054.10899455142
25881,46.843966,-96.880266,101,5236.035298745701
25881,46.843867,-96.881598,102,5338.671475902589
25881,46.843873,-96.882303,103,5392.682890314758
25881,46.843868,-96.882792,104,5430.14737818403
25881,46.843864,-96.883026,105,5448.078735742574
25881,46.843909,-96.883065,106,5453.924040384639
25881,46.844142,-96.883072,107,5479.943273804095
25881,46.844747,-96.883092,108,5547.506967128461
25881,46.845269,-96.883085,109,5605.789068135611
25881,46.845784,-96.883072,110,5663.295798452519
25881,46.846074,-96.883062,111,5695.6824343398475
25881,46.847075,-96.883027,112,5807.4730500530495
25881,46.847456,-96.883015,113,5850.020418111476
25881,46.847508,-96.883014,114,5855.826557968674
25881,46.847548,-96.883015,115,5860.293087586062
25881,46.847767,-96.883013,116,5884.744220693939
25881,46.847929,-96.88302,117,5902.838951548109
25881,46.848034,-96.883013,118,5914.574123768246
25881,46.84919,-96.883012,119,6043.637868297072
25881,46.849321,-96.883012,120,6058.2636014764175
25881,46.850893,-96.883006,121,6233.773001846352
25881,46.851098,-96.882937,122,6257.262882929244
25881,46.851226,-96.882839,123,6273.405132854673
25881,46.851214,-96.881379,124,6385.242559952641
25881,46.851203,-96.880862,125,6424.861516589375
25881,46.851183,-96.880063,126,6486.102175189597
25881,46.851172,-96.879637,127,6518.755064954286
25881,46.85115,-96.879327,128,6542.626465590407
25881,46.851168,-96.879199,129,6552.634577841701
25881,46.851158,-96.878461,130,6609.173341829338
25881,46.851143,-96.877364,131,6693.215788809064
25881,46.85111,-96.875317,132,6850.05134055987
25881,46.851097,-96.875083,133,6868.033536339638
25881,46.851103,-96.874746,134,6893.855176922457
25881,46.851113,-96.873528,135,6987.156208405979
25881,46.851111,-96.873393,136,6997.499133297949
25881,46.851107,-96.872885,137,7036.41268470289
25881,46.851094,-96.872528,138,7063.796122396428
25881,46.851067,-96.872011,139,7103.511110613419
25881,46.851047,-96.871865,140,7114.91496912378
25881,46.851059,-96.871648,141,7131.590348660197
25881,46.851043,-96.870367,142,7229.726989619796
25881,46.851042,-96.869404,143,7303.489809964297
25881,46.851017,-96.869127,144,7324.889958440729
25881,46.851037,-96.8689,145,7342.42025601908
25881,46.851025,-96.86706,146,7483.36511049329
25881,46.851019,-96.866383,147,7535.2256929270825
25881,46.850996,-96.865745,148,7584.162133192497
25881,46.85097,-96.865407,149,7610.214248372414
25881,46.850976,-96.865129,150,7631.518839929391
25881,46.850971,-96.863691,151,7741.66731955238
25881,46.850932,-96.862719,152,7816.2473507975965
25881,46.850915,-96.862074,153,7865.689282654135
25881,46.851018,-96.861854,154,7886.090755152974
25881,46.852214,-96.861832,155,8019.634251650809
25881,46.852652,-96.861778,156,8068.711363311279
25881,46.853107,-96.861805,157,8119.553989777241
25881,46.854069,-96.861784,158,8226.972907569463
25881,46.854503,-96.861741,159,8275.540615981796
25881,46.854554,-96.861639,160,8285.207947655841
25881,46.854586,-96.859386,161,8457.808026570408
25881,46.85457,-96.85909,162,8480.549732999973
25881,46.854597,-96.858877,163,8497.140155231053
25881,46.854604,-96.857951,164,8568.069327983729
25881,46.854658,-96.85734,165,8615.254272883854
25881,46.854708,-96.856832,166,8654.561815678766
25881,46.854722,-96.85646,167,8683.097151830892
25881,46.854802,-96.855683,168,8743.27623847585
25881,46.854945,-96.85478,169,8814.25829741236
25881,46.854989,-96.854168,170,8861.389666192885
25881,46.854972,-96.853805,171,8889.257484339476
25881,46.855009,-96.853592,172,8906.08661295876
25881,46.854969,-96.851514,173,9065.30887181445
25881,46.854937,-96.851238,174,9086.748295575142
25881,46.854963,-96.85092,175,9111.277212829442
25881,46.854953,-96.850089,176,9174.935719528403
25881,46.85498,-96.848887,177,9267.049842265065
25881,46.854983,-96.848608,178,9288.421925403803
25881,46.854986,-96.847344,179,9385.236188764715
25881,46.85497,-96.847202,180,9396.25815357451
25881,46.854977,-96.847088,181,9405.024686298639
25881,46.854982,-96.846263,182,9468.216564631784
25881,46.85499,-96.844355,183,9614.359385540172
25881,46.855005,-96.843345,184,9691.73689926251
25881,46.854988,-96.842592,185,9749.443053576835
25881,46.855008,-96.841986,186,9795.912453736086
25881,46.854999,-96.841675,187,9819.754256313126
25881,46.855097,-96.841604,188,9831.973047387773
25881,46.855588,-96.841656,189,9886.938751299114
25881,46.855953,-96.841708,190,9927.88594856648
25881,46.856651,-96.841773,191,10005.978004865761
25881,46.856885,-96.841822,192,10032.372778498304
25881,46.857133,-96.841862,193,10060.23147580361
25881,46.857512,-96.841876,194,10102.56121858716
25881,46.858634,-96.84206,195,10228.625058160995
25881,46.85866,-96.842115,196,10233.74083048042
25881,46.858528,-96.843068,197,10308.202685362945
25881,46.858493,-96.843326,198,10328.34522037657
25881,46.858485,-96.843545,199,10345.1418635058
25881,46.858574,-96.843676,200,10359.263020639042
25881,46.858588,-96.843899,201,10376.413595898726
25881,46.858588,-96.844125,202,10393.722548055599
25881,46.858581,-96.844365,203,10412.120340832927
25881,46.858582,-96.84458,204,10428.58719359896
25881,46.858556,-96.844831,205,10448.028794325244
25881,46.858567,-96.844942,206,10456.61834717006
27215,46.858567,-96.844942,0,0
27215,46.858306,-96.845607,1,58.67877317759069
27215,46.857943,-96.845638,2,99.27780533011875
27215,46.857827,-96.845565,3,113.38465115757153
27215,46.85781,-96.845112,4,148.13147167283347
27215,46.857832,-96.844685,5,180.927222259569
27215,46.858076,-96.844315,6,220.23656666521143
27215,46.85832,-96.843887,7,262.8594904646254
27215,46.858504,-96.84295,8,337.50569086174585
27215,46.858594,-96.842292,9,388.8929765246112
27215,46.858537,-96.842164,10,400.58091154307715
27215,46.857796,-96.842004,11,484.21772472853183
27215,46.856988,-96.841912,12,574.7074011435751
27215,46.856815,-96.841883,13,594.150505527371
27215,46.856521,-96.841874,14,626.9834702159221
27215,46.855888,-96.841758,15,698.2155337802069
27215,46.855577,-96.841731,16,733.0008794199769
27215,46.855097,-96.841705,17,786.6309006911949
27215,46.855045,-96.841766,18,794.0832909078408
27215,46.855047,-96.842008,19,812.6202768378606
27215,46.855043,-96.842696,20,865.3185093169988
27215,46.855047,-96.843488,21,925.9821669940853
27215,46.855035,-96.844334,22,990.7940205399408
27215,46.855015,-96.846289,23,1140.550538275973
27215,46.855017,-96.847002,24,1195.1619302934282
27215,46.854967,-96.84707,25,1202.7968428577442
27215,46.854791,-96.847088,26,1222.495804556152
27215,46.853972,-96.847085,27,1313.9386400169396
27215,46.853563,-96.847113,28,1359.6544207971624
27215,46.853363,-96.84705,29,1382.5001532014028
27215,46.852343,-96.847101,30,1496.4516236657207
27215,46.85222,-96.8471,31,1510.1849668538548
27215,46.85191,-96.84736,32,1550.1174928506045
27215,46.851754,-96.847561,33,1573.3643078302675
27215,46.851657,-96.847898,34,1601.3576659229473
27215,46.851647,-96.848256,35,1628.8024270666738
27215,46.851649,-96.848629,36,1657.374298524516
27215,46.851658,-96.849595,37,1731.374581458452
27215,46.851662,-96.849992,38,1761.7871535897739
27215,46.851677,-96.850593,39,1807.8527993828075
27215,46.851701,-96.850908,40,1832.1293799127159
27215,46.851662,-96.851136,41,1850.1282857872648
27215,46.851557,-96.851217,42,1863.3922067462638
27215,46.851141,-96.851229,43,1909.8480863846337
27215,46.850299,-96.851239,44,2003.8612858129986
27215,46.849925,-96.851334,45,2046.248059018166
27215,46.849707,-96.85126,46,2071.2392910446565
27215,46.847959,-96.851287,47,2266.4160585035506
27215,46.84768,-96.851277,48,2297.5760824364606
27215,46.84664,-96.851299,49,2413.705267349097
27215,46.844055,-96.85134,50,2702.3399730209453
27215,46.843723,-96.851416,51,2739.862538180385
27215,46.843745,-96.851967,52,2782.1454613008536
27215,46.843947,-96.853664,53,2914.092160815388
27215,46.84408,-96.85488,54,3008.4239659714576
27215,46.844063,-96.85525,55,3036.8324553909606
27215,46.844036,-96.856255,56,3113.8825986789516
27215,46.84403,-96.856414,57,3126.081690851118
27215,46.844064,-96.859297,58,3346.9749600764912
27215,46.844094,-96.859805,59,3386.0355629663763
27215,46.844081,-96.860196,60,3416.0243099519744
27215,46.844088,-96.861477,61,3514.1617662584977
27215,46.844057,-96.862078,62,3560.3328100169433
27215,46.843938,-96.862142,63,3574.4948678326978
27215,46.842059,-96.862179,64,3784.3034502241417
27215,46.842013,-96.86221,65,3789.9618507682703
27215,46.84203461810268,-96.86364204122545,66,3899.697618539027
27215,46.842029,-96.865018,67,4005.1120200779783
27215,46.841979,-96.865934,68,4075.5086390417914
27215,46.841825,-96.866468,69,4119.884871776614
27215,46.841249,-96.867487,70,4221.0288078898
27215,46.841146,-96.868029,71,4264.115059352706
27215,46.841175,-96.869593,72,4383.978550977562
27215,46.84126,-96.870374,73,4444.5596100020475
27215,46.841898,-96.871484,74,4555.488941287476
27215,46.842045,-96.872078,75,4603.864270561744
27215,46.842058,-96.873162,76,4686.92162849212
27215,46.84208,-96.873178,77,4689.666745511761
27215,46.843084,-96.873183,78,4801.762080395274
27215,46.843499,-96.873289,79,4848.802236803868
27215,46.84386598479332,-96.87328363558196,80,4889.777443090299
27215,46.84389374430072,-96.87325829447748,81,4893.4345296658075
27215,46.843968,-96.872678,82,4938.655463407314
27215,46.843959,-96.871519,83,5027.448408826366
27215,46.843929,-96.869954,84,5147.385033348427
27215,46.843886,-96.866564,85,5407.127820542468
27215,46.843955,-96.865887,86,5459.560045559062
27215,46.843995,-96.865845,87,5465.064331526966
27215,46.844104,-96.865832,88,5477.274757309704
27215,46.844205,-96.865844,89,5488.588718841088
27215,46.844299,-96.865855,90,5499.117504315924
27215,46.84466,-96.865882,91,5539.475842515247
27215,46.844769,-96.865891,92,5551.6651011723625
27215,46.844866,-96.865922,93,5562.752371547816
27215,46.844963,-96.865971,94,5574.214401655773
27215,46.845073,-96.866064,95,5588.412598659902
27215,46.845173,-96.866197,96,5603.527543607917
27215,46.845264,-96.866357,97,5619.447903383074
27215,46.845342,-96.866547,98,5636.409288890737
27215,46.845376,-96.866698,99,5648.583635903806
27215,46.845398,-96.866825,100,5658.6177799325715
27215,46.845408,-96.866974,101,5670.0864265063765
27215,46.845464,-96.867706,102,5726.508842416171
27215,46.845447,-96.868025,103,5751.019441782567
27215,46.845429,-96.868852,104,5814.403636052867
27215,46.845427,-96.86893,105,5820.38299418769
27215,46.845419,-96.869034,106,5828.399822729765
27215,46.845405,-96.869138,107,5836.5186271469975
27215,46.845381,-96.869248,108,5845.360957051288
27215,46.845354,-96.869346,109,5853.4508709622405
27215,46.845321,-96.869439,110,5861.471472130685
27215,46.845282,-96.86953,111,5869.6906936477535
27215,46.845231,-96.869614,112,5878.283107432925
27215,46.845177,-96.869692,113,5886.77146398977
27215,46.845121,-96.86976,114,5894.9094504998175
27215,46.845077,-96.869805,115,5900.910823079215
27215,46.844997,-96.869866,116,5910.991239813783
27215,46.844928,-96.869911,117,5919.431100763312
27215,46.844856,-96.869941,118,5927.791851953045
27215,46.844782,-96.869957,119,5936.144264138243
27215,46.844365,-96.870006,120,5982.852765203885
27215,46.844158,-96.870062,121,6006.358788814865
27215,46.844081,-96.870089,122,6015.201043725943
27215,46.84407,-96.870226,123,6025.767787672328
27215,46.844083,-96.872282,124,6183.277838121546
27215,46.844055,-96.873136,125,6248.774501768333
27215,46.843973,-96.873934,126,6310.588289625862
27215,46.844021,-96.875207,127,6408.25552261531
27215,46.844256,-96.875222,128,6434.517912497462
27215,46.844422,-96.875045,129,6457.48191889063
27215,46.84459,-96.874935,130,6478.044680289041
27215,46.844725,-96.874924,131,6493.140678719748
27215,46.844769,-96.875047,132,6503.766851386331
27215,46.844832,-96.875307,133,6524.889743049086
27215,46.844779,-96.875665,134,6552.945550321207
27215,46.844579,-96.875724,135,6575.727929375825
27215,46.844436,-96.875627,136,6593.338080475548
27215,46.844257,-96.875445,137,6617.705794635833
27215,46.844095,-96.875423,138,6635.87108757097
27215,46.84382,-96.87523,139,6669.9486630835845
27215,46.843821,-96.874556,140,6721.581725801303
27215,46.84387,-96.873407,141,6809.772767365343
27215,46.843708,-96.873346,142,6828.453672122222
27215,46.843508,-96.873356,143,6850.796422419614
27215,46.843235,-96.873241,144,6882.524004826477
27215,46.842916,-96.873203,145,6918.258516661201
27215,46.842712,-96.873195,146,6941.042970211165
27215,46.842256,-96.87325,147,6992.128554263049
27215,46.842165,-96.873284,148,7002.617101332458
27215,46.841989,-96.873247,149,7022.470553887087
27215,46.840248,-96.873267,150,7216.855897205688
27215,46.840139,-96.873294,151,7229.200083872782
27215,46.839901,-96.873395,152,7256.876033519044
27215,46.839528,-96.873627,153,7302.155206588201
27215,46.839454,-96.873654,154,7310.672177682723
27215,46.839338,-96.873658,155,7323.626973987544
27215,46.838989,-96.873794,156,7363.961181296563
27215,46.838636,-96.873854,157,7403.640100964995
27215,46.838367,-96.87396,158,7434.752036627646
27215,46.838327,-96.873979,159,7439.449209984292
27215,46.838239,-96.874,160,7449.4050957208365
27215,46.838187,-96.874007,161,7455.235508863497
27215,46.836911,-96.874012,162,7597.69884852212
27215,46.836635,-96.874061,163,7628.741540523443
27215,46.836465,-96.874053,164,7647.731590802573
27215,46.835599,-96.87405,165,7744.419011625027
27215,46.835579,-96.874049,166,7746.653285265089
27215,46.834177,-96.87404,167,7903.185268658228
27215,46.833942,-96.874087,168,7929.668528313209
27215,46.833724,-96.874115,169,7954.102156041805
27215,46.8337,-96.874127,170,7956.935068613861
27215,46.833659,-96.874137,171,7961.576318383498
27215,46.833475,-96.874134,172,7982.120830087323
27215,46.833247,-96.874181,173,8007.830036556223
27215,46.833137,-96.874203,174,8020.226457863228
27215,46.833094,-96.874263,175,8026.873541008975
27215,46.83309,-96.8745,176,8045.038488012896
27215,46.833105,-96.874784,177,8066.863526613494
27215,46.833146,-96.876804,178,8221.707654119353
27215,46.833182,-96.878456,179,8348.35064415201
27215,46.833201,-96.881319,180,8567.728392140772
27215,46.833225,-96.883147,181,8707.817773802328
27215,46.833,-96.883388,182,8738.995084990447
27215,46.832239,-96.883357,183,8823.991475343426
27215,46.831427,-96.883322,184,8914.688316544292
27215,46.831326,-96.883413,185,8927.946333172737
27215,46.831263,-96.884012,186,8974.379894168478
27215,46.831022,-96.884355,187,9011.992731858118
27215,46.831006,-96.884632,188,9033.29269216157
27215,46.830974,-96.885408,189,9092.860347705036
27215,46.830976,-96.886507,190,9177.070628864643
27215,46.831036,-96.888498,191,9329.77603011737
27215,46.831139,-96.888602,192,9343.766834041093
27215,46.833194,-96.888545,193,9573.241139576152
27215,46.833276,-96.888655,194,9585.684995063873
27215,46.833317,-96.890213,195,9705.147545511842
27215,46.833359,-96.890801,196,9750.443705545065
27215,46.833329,-96.891275,197,9786.91586582346
27215,46.833344,-96.893454,198,9953.879757028924
27215,46.833356,-96.893737,199,9975.604596877602
27215,46.833373,-96.894809,200,10057.763190576465
27215,46.833421,-96.89603,201,10151.469424391295
27215,46.833458,-96.896715,202,10204.116253319356
27215,46.833445,-96.897503,203,10264.509980267288
27215,46.833456,-96.899327,204,10404.269410524701
27215,46.833497,-96.903679,205,10737.74769971171
27215,46.833534,-96.904746,206,10819.604394807006
27215,46.833547,-96.905861,207,10905.046682967455
27215,46.833563,-96.906586,208,10960.623951952353
27215,46.833582,-96.908164,209,11081.54666164823
27215,46.833615,-96.908518,210,11108.918671997155
27215,46.833605,-96.908898,211,11138.055060679173
27215,46.833565,-96.910462,212,11257.969340473144
27215,46.833533,-96.910517,213,11263.493942450286
27215,46.832815,-96.910535,214,11343.66567653094
27215,46.832658,-96.910549,215,11361.226462161489
27215,46.832306,-96.910544,216,11400.526761075611
27215,46.83227,-96.910568,217,11404.946616297066
27215,46.832262,-96.911781,218,11497.891099342734
27215,46.832284,-96.912588,219,11559.772210027171
27215,46.832279,-96.912996,220,11591.038130496763
27215,46.832258,-96.913396,221,11621.77564486083
27215,46.832201,-96.913503,222,11632.15392453351
27215,46.832151,-96.913587,223,11640.673519091652
27215,46.83212,-96.913643,224,11646.186081793587
27215,46.83206,-96.913727,225,11655.47554595558
27215,46.832009,-96.913789,226,11662.890800639521
27215,46.831971,-96.913836,227,11668.455555767707
27215,46.831924,-96.91388,228,11674.692452308855
27215,46.831897,-96.9139,229,11678.073963722853
27215,46.831848,-96.913934,230,11684.133079023102
27215,46.831789,-96.913965,231,11691.135175460648
27215,46.83174,-96.913972,232,11696.631903714077
27215,46.831688,-96.913983,233,11702.498192354964
27215,46.83163,-96.913985,234,11708.975289492386
27215,46.831548,-96.913983,235,11718.131283990157
27215,46.830665,-96.913936,236,11816.77766058398
27215,46.830616,-96.913938,237,11822.250305512765
27215,46.830571,-96.913943,238,11827.288819441137
27215,46.830477,-96.914035,239,11839.931010704504
27215,46.83043,-96.914172,240,11851.666684223155
27215,46.830435,-96.914407,241,11869.681613764713
27215,46.830407,-96.914496,242,11877.18335155469
27215,46.830403,-96.914565,243,11882.489129471953
27215,46.830415,-96.914758,244,11897.337825979612
27215,46.830465,-96.914823,245,11904.818814770468
27215,46.832032,-96.914871,246,12079.80160959408
27215,46.833214,-96.91496,247,12211.939363927151
27215,46.83341,-96.914933,248,12233.918902578405
29928,46.848226,-96.762891,0,0
29928,46.847825,-96.762835,1,44.98169497614951
29928,46.847749,-96.76265,2,61.50117620449245
29928,46.847738,-96.761582,3,143.33112480473062
29928,46.847735,-96.757592,4,449.01082356957437
29928,46.847797,-96.757474,5,460.39739693313203
29928,46.848103,-96.757458,6,494.588297354114
29928,46.848531,-96.757411,7,542.5155718498636
29928,46.849056,-96.757477,8,601.3563693304544
29928,46.850147,-96.757458,9,723.1895479674947
29928,46.851229,-96.757415,10,844.0539649277649
29928,46.851556,-96.757466,11,880.7762342242114
29928,46.8523,-96.757475,12,963.8564679999547
29928,46.853074,-96.757418,13,1050.3939672588933
29928,46.853254,-96.757464,14,1070.7998846257663
29928,46.854395,-96.757469,15,1198.208097277374
29928,46.85487,-96.757429,16,1251.3365175537438
29928,46.855082,-96.757496,17,1275.559060024558
29928,46.856135,-96.757504,18,1393.1419320151867
29928,46.856488,-96.75746,19,1432.7028470248076
29928,46.856723,-96.757494,20,1459.0726056104281
29928,46.857571,-96.757504,21,1553.7660365024196
29928,46.858476,-96.757508,22,1654.8216307003104
29928,46.859744,-96.75751,23,1796.4105568513019
29928,46.860229,-96.757478,24,1850.6226086474321
29928,46.860428,-96.757513,25,1873.0046930940393
29928,46.862068,-96.757503,26,2056.1338185464388
29928,46.862138,-96.757497,27,2063.9637345145566
29928,46.862168,-96.757432,28,2069.9642627090493
29928,46.862169,-96.75717,29,2090.0313865666662
29928,46.862165,-96.756005,30,2179.260968491609
29928,46.86218,-96.754472,31,2296.6870243133744
29928,46.862176,-96.75317,32,2396.4097526165883
29928,46.862184,-96.752366,33,2457.9956214194485
29928,46.862151,-96.751886,34,2494.9436833212194
29928,46.862171,-96.751465,35,2527.2659108604175
29928,46.862177,-96.750505,36,2600.7967547990406
29928,46.862176,-96.749456,37,2681.1413539116515
29928,46.862155,-96.749286,38,2694.371399507542
29928,46.862176,-96.748928,39,2721.8912908848306
29928,46.862187,-96.747775,40,2810.2100345924177
29928,46.862172,-96.747179,41,2855.889440821291
29928,46.862137,-96.745344,42,2996.4899106708212
29928,46.862166,-96.74407,43,3094.1218964253626
29928,46.862137,-96.74274,44,3196.040931945083
29928,46.862163,-96.741686,45,3276.82137732642
29928,46.862176,-96.739908,46,3413.010351978647
29928,46.862116,-96.738058,47,3554.8649156643914
29928,46.862148,-96.73766,48,3585.557522091867
29928,46.862137,-96.735773,49,3730.093314204076
29928,46.86214,-96.734483,50,3828.8987580058915
29928,46.862129,-96.734245,51,3847.1692295188955
29928,46.86216,-96.733792,52,3882.038122209207
29928,46.862165,-96.732468,53,3983.4488872283437
29928,46.862134,-96.729583,54,4204.4476152046855
29928,46.86217,-96.729119,55,4240.213603036022
29928,46.862178,-96.726645,56,4429.708099141954
29928,46.862147,-96.726364,57,4451.507527535187
29928,46.862194,-96.725772,58,4497.153726241629
29928,46.862206,-96.725325,59,4531.417324034621
29928,46.862269,-96.725191,60,4543.860488461762
29928,46.862476,-96.725191,61,4566.975632576662
29928,46.862936,-96.725151,62,4618.433905360788
29928,46.862932,-96.72518,63,4620.699559521668
29928,46.863295,-96.725233,64,4661.437568174138
29928,46.863924,-96.725399,65,4732.81778167798
29928,46.864295,-96.725568,66,4776.221362495336
29928,46.864725,-96.72577,67,4826.6692177600835
29928,46.86535,-96.726069,68,4900.12227845627
29928,46.86584,-96.726246,69,4956.493502313079
29928,46.866055,-96.726312,70,4981.028314356788
29928,46.866302,-96.726381,71,5009.111803244468
29928,46.866602,-96.72641,72,5042.6855094914135
29928,46.866908,-96.726404,73,5076.858762172435
29928,46.867395,-96.726357,74,5131.359688069444
29928,46.867892,-96.726244,75,5187.528987889325
29928,46.868739,-96.725932,76,5285.0827148522885
29928,46.869377,-96.725771,77,5357.385524001041
29928,46.870241,-96.725749,78,5453.880765073283
29928,46.871402,-96.725777,79,5583.5442090292145
29928,46.872438,-96.725764,80,5699.235792920455
29928,46.873976,-96.72575,81,5870.983414349675
29928,46.874424,-96.725719,82,5921.066646895718
29928,46.875202,-96.725624,83,6008.247839214662
29928,46.875919,-96.725533,84,6088.615954347715
29928,46.876385,-96.72547,85,6140.876055956618
29928,46.876809,-96.725435,86,6188.298789145469
29928,46.877137,-96.72544,87,6224.927670377774
29928,46.877374,-96.725451,88,6251.4062246180865
29928,46.877503,-96.725492,89,6266.149444740722
29928,46.877721,-96.725493,90,6290.493038758468
29928,46.877795,-96.725541,91,6299.536943367955
29928,46.877829,-96.72565,92,6308.706187710616
29928,46.877814,-96.726358,93,6362.944483309631
29928,46.877838,-96.728462,94,6524.072344300285
29928,46.877806,-96.729816,95,6627.810957039385
29928,46.87778,-96.729905,96,6635.218453974255
29928,46.877666,-96.729933,97,6648.12774387618
29928,46.875965,-96.729946,98,6838.075454403097
29928,46.875895,-96.729906,99,6846.470808407095
29928,46.875874,-96.72981,100,6854.186848772873
29928,46.875897,-96.729463,101,6880.881752349141
29928,46.876003,-96.729071,102,6913.148124980707
29928,46.876165,-96.72871,103,6946.184252617356
29928,46.876212,-96.728371,104,6972.66786429563
29928,46.876208,-96.728157,105,6989.06064418564
29928,46.876232,-96.727881,106,7010.36413295526
29928,46.876233,-96.727182,107,7063.889033156232
29928,46.876168,-96.726806,108,7093.581478294203
29928,46.87599,-96.726424,109,7128.946923421038
29928,46.875904,-96.726129,110,7153.492824827345
29928,46.87586,-96.725938,111,7168.921703410694
29928,46.87584866491875,-96.7258599447746,112,7175.0312643228435
29928,46.87584041517813,-96.72581073495292,113,7178.910434804501
29928,46.875757,-96.725763,114,7188.9167044935575
29928,46.875318,-96.725823,115,7238.153469613674
29928,46.874668,-96.725905,116,7311.008288440796
29928,46.874051,-96.725931,117,7379.935746903446
29928,46.873493,-96.72594,118,7442.2498866401465
29928,46.871472,-96.725946,119,7667.929877338499
29928,46.870731,-96.725966,120,7750.689487036021
29928,46.869913,-96.725976,121,7842.036510622928
29928,46.869635,-96.726027,122,7873.324739647296
29928,46.869216,-96.726113,123,7920.57458823796
29928,46.869109,-96.726164,124,7933.145154046945
29928,46.869103,-96.726308,125,7944.193543937484
29928,46.869183,-96.727059,126,8002.3974985560235
29928,46.869249,-96.727877,127,8065.474802966062
29928,46.869345,-96.728549,128,8118.043403917623
29928,46.869495,-96.729088,129,8162.5906605825385
29928,46.869635,-96.729579,130,8203.31317460665
29928,46.869946,-96.730269,131,8266.545450749263
29928,46.870275,-96.730851,132,8324.305717443523
29928,46.870615,-96.731517,133,8387.888652666625
29928,46.870729,-96.731775,134,8411.392414303444
29928,46.870883,-96.732129,135,8443.496217620266
29928,46.870986,-96.732596,136,8481.06333111341
29928,46.871135,-96.733265,137,8534.929588337855
29928,46.871226,-96.733832,138,8579.523689488127
29928,46.871279,-96.734414,139,8624.484430969538
29928,46.871316,-96.734778,140,8652.664018746476
29928,46.871303,-96.735157,141,8681.724031974398
29928,46.871318,-96.73617,142,8759.31735444007
29928,46.8713,-96.737322,143,8847.5599599232
29928,46.871313,-96.739689,144,9028.829343543794
29928,46.871338,-96.740105,145,9060.808415488742
29928,46.87131,-96.740345,146,9079.451495202426
29928,46.871318,-96.741091,147,9136.586596515624
29928,46.871319,-96.742204,148,9221.819269781468
29928,46.871346,-96.742558,149,9249.095401119925
29928,46.87132,-96.743054,150,9287.189396928065
29928,46.871411,-96.745674,151,9488.083124037577
29928,46.871348,-96.746115,152,9522.579260260634
29928,46.871334,-96.746568,153,9557.304619021086
29928,46.871399,-96.746858,154,9580.668435143894
29928,46.871449,-96.747073,155,9598.053725194806
29928,46.871441,-96.747304,156,9615.765894679262
29928,46.871336,-96.747429,157,9630.901925186829
29928,46.870833,-96.747748,158,9692.151539761056
29928,46.870292,-96.747978,159,9755.077284410701
29928,46.869755,-96.74811,160,9815.88712463952
29928,46.869225,-96.74813,161,9875.089044811646
29928,46.868464,-96.74802,162,9960.48215003758
29928,46.867944,-96.747932,163,10018.937408474549
29928,46.866786,-96.747895,164,10148.275800518106
29928,46.866064,-96.747915,165,10228.912030727695
29928,46.865218,-96.747872,166,10323.437481479348
29928,46.863684,-96.74787,167,10494.730715544629
29928,46.863396,-96.747916,168,10527.082465434485
29928,46.862229,-96.747863,169,10657.458010348977
29928,46.861188,-96.747864,170,10773.700662857309
29928,46.86084,-96.747909,171,10812.712425778618
29928,46.86051,-96.747861,172,10849.744624139998
29928,46.859129,-96.747909,173,11003.996962426798
29928,46.858608,-96.747848,174,11062.361433553519
29928,46.857847,-96.747832,175,11147.346873930703
29928,46.857482,-96.747869,176,11188.202796089041
29928,46.85681,-96.747829,177,11263.303795463802
29928,46.855574,-96.747889,178,11401.397487453076
29928,46.855042,-96.747831,179,11460.968853074632
29928,46.853703,-96.747795,180,11610.512913327671
29928,46.853434,-96.747806,181,11640.562454402721
29928,46.853164,-96.747821,182,11670.73373142181
29928,46.852424,-96.747808,183,11753.371388653273
29928,46.851613,-96.74782,184,11843.935883701748
29928,46.851435,-96.747824,185,11863.814508922926
29928,46.851395,-96.747875,186,11869.748705181913
29928,46.851391,-96.748074,187,11885.000080163898
29928,46.851374,-96.749434,188,11989.203091542708
29928,46.851398,-96.750597,189,12078.337362044509
29928,46.851382,-96.750969,190,12106.891098493037
29928,46.851382,-96.751893,191,12177.675879959017
29928,46.851389,-96.753631,192,12310.820760859846
29928,46.851378,-96.75514,193,12426.426703890926
29928,46.85138,-96.75666,194,12542.868811565702
29928,46.851398,-96.757333,195,12594.46408034522
29928,46.851379,-96.757692,196,12622.047473439343
29928,46.85138,-96.758764,197,12704.169501848568
29928,46.851377,-96.762117,198,12961.029979072458
29928,46.851395,-96.762715,199,13006.884386751619
29928,46.851382,-96.762832,200,13015.964063645113
29928,46.851298,-96.762896,201,13026.547776439244
29928,46.850766,-96.762897,202,13085.952236409494
29928,46.850226,-96.76289,203,13146.25233129092
29928,46.849526,-96.762885,204,13224.416969330285
29928,46.848248,-96.762891,205,13367.12229319497
29928,46.848226,-96.762891,206,13369.559881084493
30053,46.848226,-96.762891,0,0
30053,46.847813,-96.762887,1,46.117601284832666
30053,46.847776,-96.762946,2,52.24134433997403
30053,46.847754,-96.763461,3,91.77243369924847
30053,46.84776,-96.764096,4,140.42503274111985
30053,46.847777,-96.764354,5,160.2816000874696
30053,46.847816,-96.76459,6,178.87883103289627
30053,46.847875,-96.764869,7,201.2455040497764
30053,46.84796,-96.765198,8,228.17823061729342
30053,46.848064,-96.765461,9,251.43383190667427
30053,46.848225,-96.765778,10,281.64934731437194
30053,46.848483,-96.766191,11,324.4398934845092
30053,46.848962,-96.766876,12,399.3707915556358
30053,46.849127,-96.767093,13,424.18637306158075
30053,46.849357,-96.76731,14,454.77944698485044
30053,46.849437,-96.767372,15,464.89662831294993
30053,46.849513,-96.767423,16,474.239116069869
30053,46.849593,-96.767469,17,483.84202783597385
30053,46.849675,-96.767503,18,493.3615649754355
30053,46.84976,-96.767529,19,503.05956493204565
30053,46.849857,-96.76754,20,513.9234931285658
30053,46.849939,-96.767537,21,523.0826461281963
30053,46.850006,-96.767528,22,530.5956909425873
30053,46.850192,-96.76745,23,552.2072744302459
30053,46.850252,-96.7674,24,559.9246410313253
30053,46.850293,-96.76735,25,565.8938060465549
30053,46.85036,-96.767257,26,576.2247451811146
30053,46.850478,-96.767066,27,595.9149079178763
30053,46.850616,-96.766856,28,618.1916342025427
30053,46.850769,-96.7667,29,639.0408461857631
30053,46.850944,-96.766601,30,660.0018046065162
30053,46.851111,-96.766592,31,678.6620900952923
30053,46.851333,-96.766625,32,703.5796102703526
30053,46.851382,-96.7668,33,718.0591388123983
30053,46.851403,-96.767007,34,734.0889157283085
30053,46.851415,-96.767685,35,786.0446840255836
30053,46.851408,-96.767768,36,792.4507959261475
30053,46.851394,-96.767994,37,809.8340510038453
30053,46.85139,-96.768156,38,822.2521602463465
30053,46.85139,-96.768405,39,841.3269001688409
30053,46.851407,-96.769277,40,908.1537038606712
30053,46.85139,-96.769564,41,930.2212105806078
30053,46.85139,-96.769943,42,959.2545999661834
30053,46.851397,-96.77032,43,988.1453394979309
30053,46.851431,-96.77097,44,1038.0831986783405
30053,46.851448,-96.771289,45,1062.5938270021052
30053,46.851437,-96.771435,46,1073.8454042987007
30053,46.851456,-96.771475,47,1077.5723819804032
30053,46.851919,-96.771728,48,1132.7849446669272
30053,46.852627,-96.77229,49,1222.8032305863833
30053,46.853045,-96.772258,50,1269.5419368407313
30053,46.853162,-96.77227,51,1282.6385965338045
30053,46.854652,-96.772294,52,1449.0239359162033
30053,46.854748,-96.772332,53,1460.1315885567035
30053,46.854839,-96.772367,54,1470.6404952815255
30053,46.854927,-96.772432,55,1481.656135440581
30053,46.854985,-96.772468,56,1488.695128245233
30053,46.855116,-96.772498,57,1503.5021480834334
30053,46.85635,-96.772491,58,1641.2930718000478
30053,46.8565,-96.772473,59,1658.0988996995088
30053,46.856739,-96.772508,60,1684.920239579116
30053,46.858108,-96.772504,61,1837.7846811498225
30053,46.858392,-96.77248,62,1869.5496888897285
30053,46.858568,-96.772485,63,1889.2057855425485
30053,46.860026,-96.772454,64,2052.025082906567
30053,46.860175,-96.772473,65,2068.7261203136113
30053,46.861988,-96.772438,66,2271.1855675116194
30053,46.862176,-96.772464,67,2292.2721046575907
30053,46.86416,-96.772464,68,2513.8078591723224
30053,46.865039,-96.772439,69,2611.976698364966
30053,46.865196,-96.77244,70,2629.5076691125846
30053,46.866218,-96.772437,71,2743.625614411679
30053,46.867103,-96.772406,72,2842.47426332919
30053,46.8673,-96.77243,73,2864.548166087484
30053,46.868331,-96.77242,74,2979.6733781917023
30053,46.868813,-96.772408,75,3033.501906865971
30053,46.86937,-96.7724,76,3095.700196162768
30053,46.870539,-96.772372,77,3226.249716502032
30053,46.870757,-96.772401,78,3250.692941773785
30053,46.871758,-96.772383,79,3362.474272531233
30053,46.872554,-96.772354,80,3451.3843035185146
30053,46.872783,-96.772383,81,3477.0509574735897
30053,46.873686,-96.772452,82,3578.019327863365
30053,46.873778,-96.77249,83,3588.696300024904
30053,46.87385,-96.772572,84,3598.8973133567756
30053,46.873878,-96.77269,85,3608.458526490055
30053,46.873898,-96.773766,86,3690.880936913167
30053,46.873879,-96.774205,87,3724.5631738090924
30053,46.873923,-96.77527,88,3806.2607251637382
30053,46.873952,-96.77591,89,3855.373894416555
30053,46.873967,-96.776649,90,3911.9855728849507
30053,46.87393,-96.77732,91,3963.5313600841546
30053,46.873892,-96.778006,92,4016.2309833320683
30053,46.873886,-96.77857,93,4059.422886918734
30053,46.873878,-96.779062,94,4097.106968119043
30053,46.873961,-96.779567,95,4136.870952626575
30053,46.873966,-96.779804,96,4155.027089248658
30053,46.873954,-96.780144,97,4181.096001379724
30053,46.874087,-96.780598,98,4218.898830418658
30053,46.874226,-96.780929,99,4248.618728512025
30053,46.874425,-96.781139,100,4276.046988093422
30053,46.874697,-96.781318,101,4309.367993264655
30053,46.874762,-96.781376,102,4317.8768406615045
30053,46.874829,-96.781419,103,4326.0505446222205
30053,46.874895,-96.781453,104,4333.866430891523
30053,46.874958,-96.781475,105,4341.099895243387
30053,46.875056,-96.781489,106,4352.094955776814
30053,46.875158,-96.781489,107,4363.484273816402
30053,46.875835,-96.781562,108,4439.28444888616
30053,46.875899,-96.781634,109,4448.310054808786
30053,46.87594,-96.781864,110,4466.506234370353
30053,46.87594,-96.782434,111,4510.15049870146
30053,46.875931,-96.783065,112,4558.475885284758
30053,46.875859,-96.783109,113,4567.192764392097
30053,46.875002,-96.783082,114,4662.907517759087
30053,46.87497,-96.783168,115,4670.39950091504
30053,46.875042,-96.784133,116,4744.72571519743
30053,46.875095,-96.784781,117,4794.694707031464
30053,46.875113,-96.784933,118,4806.505590608492
30053,46.87490534106428,-96.78546631890238,119,4853.465536969467
30053,46.875053,-96.785707,120,4878.193335721049
30054,46.875053,-96.785707,0,0
30054,46.87512068163658,-96.78546825396728,1,19.781254340108656
30054,46.87509400971487,-96.78525998280335,2,36.00423958372089
30054,46.875053,-96.785099,3,49.15373637251807
30054,46.875045,-96.784837,4,69.23493113688798
30054,46.875062,-96.784736,5,77.1980456885308
30054,46.875054,-96.784473,6,97.35574002002919
30054,46.875007,-96.783629,7,162.19357453316445
30054,46.874977,-96.78316,8,198.26086266745722
30054,46.875061,-96.783075,9,209.67723620991347
30054,46.875833,-96.7831,10,295.8998319474009
30054,46.875895,-96.78301,11,305.66790730667503
30054,46.875823,-96.781802,12,398.5119646132854
30054,46.875839,-96.781654,13,409.984152178036
30054,46.875755,-96.781616,14,419.8045271269057
30054,46.87515,-96.781574,15,487.43531081699757
30054,46.874949,-96.78156,16,509.9045510565419
30054,46.874849,-96.781534,17,521.246636652464
30054,46.874596,-96.781429,18,550.6184168353118
30054,46.874378,-96.781286,19,577.3096539385783
30054,46.874203,-96.781107,20,601.177898582425
30054,46.874055,-96.78108,21,617.8324036368072
30054,46.87389,-96.781099,22,636.3136624012102
30054,46.873797,-96.781044,23,647.5195452016933
30054,46.873715,-96.780933,24,660.0125914562701
30054,46.873702,-96.780767,25,672.8061936412686
30054,46.873736,-96.780605,26,685.7788377054007
30054,46.873798,-96.780327,27,708.1633372545311
30054,46.873815,-96.779966,28,735.8709746700462
30054,46.873797,-96.779064,29,804.9683235684079
30054,46.873816,-96.778516,30,846.9835139973121
30054,46.873827,-96.777711,31,908.6364424254948
30054,46.873873,-96.77673,32,983.9292990009068
30054,46.873868,-96.776203,33,1024.2867976650605
30054,46.873802,-96.775286,34,1094.8894417487438
30054,46.873742,-96.774111,35,1185.1114170110752
30054,46.873761,-96.773397,36,1239.8255291400353
30054,46.87375,-96.772367,37,1318.7051301499816
30054,46.873723,-96.771091,38,1416.4587578954213
30054,46.873703,-96.770977,39,1425.4692252140294
30054,46.872896,-96.770989,40,1515.5846225563007
30054,46.872795,-96.770948,41,1527.291264372358
30054,46.87274,-96.770805,42,1539.8460322581334
30054,46.872738,-96.769325,43,1653.1766072961802
30054,46.872738,-96.768052,44,1750.6561863831103
30054,46.872692,-96.767969,45,1758.8279688458815
30054,46.871826,-96.767993,46,1855.5445040856152
30054,46.871651,-96.767974,47,1875.139400322729
30054,46.870951,-96.767971,48,1953.3029617952484
30054,46.870783,-96.768001,49,1972.2022814487727
30054,46.87058,-96.768043,50,1995.0966555953294
30054,46.869439,-96.768065,51,2122.5138376920017
30054,46.869144,-96.768099,52,2155.5567925547048
30054,46.868286,-96.768119,53,2251.374800668501
30054,46.867322,-96.768148,54,2359.0396161717745
30054,46.866005,-96.768112,55,2506.123957124901
30054,46.865223,-96.768131,56,2593.4555554050876
30054,46.86505,-96.768174,57,2613.0517298712707
30054,46.864425,-96.768146,58,2682.873248235184
30054,46.863871,-96.768143,59,2744.734273664594
30054,46.863446,-96.768169,60,2792.232267776979
30054,46.863196,-96.768233,61,2820.574770163027
30054,46.86292,-96.768171,62,2851.757081147246
30054,46.860505,-96.768163,63,3121.4208533695046
30054,46.860253,-96.768188,64,3149.624684281678
30054,46.86,-96.768168,65,3177.916603070137
30054,46.858992,-96.768172,66,3290.4720441844306
30054,46.858632,-96.7682,67,3330.7274365132157
30054,46.858339,-96.768147,68,3363.695217894716
30054,46.856599,-96.768141,69,3557.9871803843334
30054,46.856009,-96.768145,70,3623.868317049699
30054,46.855079,-96.768091,71,3727.7960822110167
30054,46.854994,-96.76805,72,3737.7934422372914
30054,46.854944,-96.767933,73,3748.35244131834
30054,46.854928,-96.766894,74,3827.960273535707
30054,46.854908,-96.766614,75,3849.524352351595
30054,46.854937,-96.766301,76,3873.7179878993215
30054,46.85494,-96.763522,77,4086.5912873247325
30054,46.854917,-96.762996,78,4126.965049934394
30054,46.854922,-96.762917,79,4133.042213008564
30054,46.854874,-96.762883,80,4139.001278557604
30054,46.853188,-96.762878,81,4327.264518312246
30054,46.851659,-96.762907,82,4498.010819267717
30054,46.851471,-96.762942,83,4519.173885036654
30054,46.851237,-96.762918,84,4545.367495353417
30054,46.849418,-96.762894,85,4748.489767851721
30054,46.848226,-96.762891,86,4881.591580359597
30055,46.848226,-96.762891,0,0
30055,46.847822,-96.76285,1,45.22084239959839
30055,46.847741,-96.762691,2,60.39273909576293
30055,46.847728,-96.761671,3,138.54962139790513
30055,46.847732,-96.757537,4,455.2615264775649
30055,46.847788,-96.757453,5,464.2345809608349
30055,46.8483,-96.75745,6,521.4065711109171
30055,46.848531,-96.757411,7,547.3732242177758
30055,46.848839,-96.757444,8,581.8582676553646
30055,46.850875,-96.75745,9,809.2048859301806
30055,46.851229,-96.757415,10,848.8244679821231
30055,46.851469,-96.757462,11,875.8644060141852
30055,46.852804,-96.757454,12,1024.9359539318589
30055,46.853074,-96.757418,13,1055.2108652216496
30055,46.853402,-96.757476,14,1092.1048797148449
30055,46.854577,-96.757468,15,1223.3104934172693
30055,46.85487,-96.757429,16,1256.1639038961093
30055,46.855093,-96.757482,17,1281.393574469403
30055,46.855969,-96.757506,18,1379.2277508240552
30055,46.856354,-96.757499,19,1422.221399040999
30055,46.856488,-96.75746,20,1437.4795615410903
30055,46.856687,-96.75749,21,1459.8190301587654
30055,46.857576,-96.757514,22,1559.1045716827857
30055,46.858479,-96.757511,23,1659.9366362294693
30055,46.859876,-96.75751,24,1815.9300411781915
30055,46.860229,-96.757478,25,1855.4232547909792
30055,46.860479,-96.757513,26,1883.4674592001502
30055,46.862068,-96.757503,27,2060.9018166948554
30055,46.86231,-96.757526,28,2087.9816503346897
30055,46.863061,-96.757519,29,2171.8423682355824
30055,46.86472,-96.757497,30,2357.0991508406078
30055,46.86501,-96.757453,31,2389.6563239065144
30055,46.865225,-96.757484,32,2413.7810059362573
30055,46.866802,-96.757443,33,2589.9017499644315
30055,46.868279,-96.75744,34,2754.8283507724464
30055,46.869341,-96.757448,35,2873.4161744832954
30055,46.870497,-96.75739,36,3002.5751462103226
30055,46.870729,-96.757426,37,3028.6272673047647
30055,46.871795,-96.75745,38,3147.6743474513723
30055,46.872645,-96.757453,39,3242.5882807614926
30055,46.87273,-96.757535,40,3253.9687255355343
30055,46.872764,-96.757774,41,3272.6599463845446
30055,46.872738,-96.758032,42,3292.628638535864
30055,46.872749,-96.760705,43,3497.3186805864666
30055,46.872778,-96.761046,44,3523.6308982784008
30055,46.872748,-96.761404,45,3551.2487763141644
30055,46.872757,-96.762583,46,3641.53661096711
30055,46.872756,-96.762653,47,3646.898038359613
30055,46.872799,-96.762694,48,3652.634869620089
30055,46.873615,-96.762752,49,3743.859593600906
30055,46.873749,-96.762787,50,3759.0604883190113
30055,46.873816,-96.762883,51,3769.5490250645157
30055,46.87384,-96.763049,52,3782.539677794813
30055,46.873851,-96.765801,53,3993.2734758908655
30055,46.873875,-96.766118,54,4017.694703126652
30055,46.873851,-96.766415,55,4040.5943213341666
30055,46.873856,-96.767823,56,4148.410871259795
30055,46.873858,-96.769324,57,4263.347299510149
30055,46.873866,-96.770828,58,4378.516481156565
30055,46.873896,-96.772244,59,4486.995288951124
30055,46.873868,-96.77269,60,4521.289531602383
30055,46.873898,-96.773766,61,4603.74975904252
30055,46.873882,-96.774258,62,4641.465795330875
30055,46.873912,-96.775283,63,4720.024039768866
30055,46.873959,-96.776035,64,4777.845101971461
30055,46.873966,-96.776516,65,4814.684647331661
30055,46.873928,-96.777284,66,4873.644986358375
30055,46.873907,-96.778015,67,4929.668352933007
30055,46.873887,-96.778686,68,4981.096781431797
30055,46.873894,-96.77905,69,5008.979991197533
30055,46.873934,-96.779366,70,5033.585529592029
30055,46.873972,-96.779693,71,5058.98153491839
30055,46.873954,-96.780046,72,5086.086047830763
30055,46.873977,-96.780303,73,5105.931896926101
30055,46.8741,-96.780635,74,5134.826487118657
30055,46.874291,-96.781024,75,5171.460742993775
30055,46.874458,-96.781178,76,5193.523597391203
30055,46.874762,-96.781376,77,5230.700144876609
30055,46.874872,-96.781442,78,5243.9817747050965
30055,46.875005,-96.781492,79,5259.318109398623
30055,46.875793,-96.781554,80,5347.434146477121
30055,46.875894,-96.781639,81,5360.455069408534
30055,46.875942,-96.781829,82,5375.959049246618
30055,46.875949,-96.783047,83,5469.2231851267625
30055,46.87583846711673,-96.78313009059906,84,5483.108567502203
30055,46.87503117229994,-96.78312714086152,85,5573.251201343416
30055,46.874987758244224,-96.7831834586525,86,5579.739255639214
30055,46.87507854682367,-96.78446918154528,87,5678.707667091735
30055,46.875089,-96.784863,88,5708.884883527416
30055,46.875109,-96.78515,89,5730.973605536494
30055,46.87496386126615,-96.78546378769686,90,5759.954981458698
30055,46.875053,-96.785707,91,5781.070674069668
30056,46.875053,-96.785707,0,0
30056,46.8751318567012,-96.7854647790985,1,20.53079814832912
30056,46.87510009049701,-96.7851507116394,2,44.8390529637741
30056,46.875054,-96.784864,3,67.38768552216138
30056,46.87503799635967,-96.78421820237732,4,116.86865803341354
30056,46.874976808210995,-96.78312642062376,5,200.7452099841502
30056,46.875015249822134,-96.78307532736969,6,206.55296269805118
30056,46.875857329849694,-96.783088018177,7,300.58444835467276
30056,46.87588100000001,-96.78304299140169,8,304.9286128024173
30056,46.875823,-96.781802,9,400.1705092839194
30056,46.875833,-96.781675,10,409.9586801415952
30056,46.875747,-96.781609,11,420.8100136760835
30056,46.875369,-96.781577,12,463.0885414241486
30056,46.874885,-96.781534,13,517.2321707784165
30056,46.874696,-96.781484,14,538.6803713728683
30056,46.874482,-96.781376,15,563.9661300455718
30056,46.874316,-96.781255,16,584.6883236209688
30056,46.874179,-96.781124,17,602.9811956754831
30056,46.874042,-96.781118,18,618.2855172041061
30056,46.873911,-96.781129,19,632.9372116387908
30056,46.873808,-96.781092,20,644.7820174746806
30056,46.8737,-96.780858,21,666.380089689111
30056,46.873712,-96.780646,22,682.6686056067217
30056,46.873769,-96.780437,23,699.8913599616175
30056,46.873811,-96.780176,24,720.4195566281306
30056,46.873797,-96.779064,25,805.5821681815536
30056,46.873831,-96.77771,26,909.3305132645738
30056,46.87388,-96.776743,27,983.5778158724256
30056,46.873875,-96.776138,28,1029.9074565188118
30056,46.873784,-96.775221,29,1100.8558356485203
30056,46.873767,-96.774443,30,1160.459590911356
30056,46.873742,-96.774111,31,1186.0345415250506
30056,46.873753,-96.773779,32,1211.4863551754975
30056,46.873753,-96.772416,33,1315.8551308504589
30056,46.873723,-96.771091,34,1417.3696118887524
30056,46.873739,-96.770777,35,1441.4798377113868
30056,46.873734,-96.769287,36,1555.5751741112176
30056,46.873733,-96.767778,37,1671.1242973005396
30056,46.873716,-96.766465,38,1771.6831062965302
30056,46.873728,-96.765935,39,1812.2891748118245
30056,46.873726,-96.764999,40,1883.9623723873808
30056,46.873708,-96.764896,41,1892.1015274954182
30056,46.873626,-96.764852,42,1901.858041261031
30056,46.873248,-96.764834,43,1944.0888353359912
30056,46.872807,-96.764822,44,1993.3404199078514
30056,46.872732,-96.764769,45,2002.6466642283056
30056,46.872708,-96.764684,46,2009.685652299451
30056,46.872678,-96.763071,47,2133.246843136484
30056,46.872687,-96.76288,48,2147.907207194233
30056,46.87266,-96.762812,49,2153.924153263596
30056,46.872553,-96.762778,50,2166.152414267872
30056,46.871682,-96.762768,51,2263.413403362256
30056,46.870772,-96.762818,52,2365.0983229108897
30056,46.870375,-96.76279,53,2409.480131368805
30056,46.869314,-96.762784,54,2527.954857847167
30056,46.868393,-96.762844,55,2630.898546522528
30056,46.868006,-96.76281,56,2674.1902773574225
30056,46.867236,-96.762826,57,2760.179075230373
30056,46.866783,-96.762848,58,2810.7902044783373
30056,46.866158,-96.762822,59,2880.6076192222577
30056,46.865195,-96.76283,60,2988.1402800822116
30056,46.864235,-96.762878,61,3095.3992217497516
30056,46.863918,-96.762841,62,3130.9094574620663
30056,46.863069,-96.762831,63,3225.713950247509
30056,46.862342,-96.7629,64,3307.06436427329
30056,46.86196,-96.762852,65,3349.8775436035953
30056,46.860295,-96.762856,66,3535.795732964232
30056,46.858826,-96.762872,67,3699.8324122216213
30056,46.858138,-96.762917,68,3776.7334419534905
30056,46.857624,-96.762862,69,3834.282331384683
30056,46.856547,-96.76287,70,3954.544325124525
30056,46.855543,-96.762891,71,4066.66493907929
30056,46.855104,-96.762916,72,4115.722133857319
30056,46.8548,-96.76287,73,4149.849902705452
30056,46.853178,-96.762893,74,4330.974926603922
30056,46.852239,-96.762881,75,4435.8299741425235
30056,46.851829,-96.7629,76,4481.634699574138
30056,46.851471,-96.762942,77,4521.7391164206265
30056,46.851249,-96.762898,78,4546.75628523024
30056,46.850436,-96.762895,79,4637.538128489358
30056,46.849585,-96.762879,80,4732.570759575419
30056,46.848226,-96.762891,81,4884.322785002769
30057,46.848226,-96.762891,0,0
30057,46.847822,-96.76285,1,45.22084239959839
30057,46.847741,-96.762691,2,60.39273909576293
30057,46.847728,-96.761671,3,138.54962139790513
30057,46.847732,-96.757537,4,455.2615264775649
30057,46.847788,-96.757453,5,464.2345809608349
30057,46.8483,-96.75745,6,521.4065711109171
30057,46.848531,-96.757411,7,547.3732242177758
30057,46.848839,-96.757444,8,581.8582676553646
30057,46.850875,-96.75745,9,809.2048859301806
30057,46.851229,-96.757415,10,848.8244679821231
30057,46.851469,-96.757462,11,875.8644060141852
30057,46.852804,-96.757454,12,1024.9359539318589
30057,46.853074,-96.757418,13,1055.2108652216496
30057,46.853402,-96.757476,14,1092.1048797148449
30057,46.854577,-96.757468,15,1223.3104934172693
30057,46.85487,-96.757429,16,1256.1639038961093
30057,46.855093,-96.757482,17,1281.393574469403
30057,46.855969,-96.757506,18,1379.2277508240552
30057,46.856354,-96.757499,19,1422.221399040999
30057,46.856488,-96.75746,20,1437.4795615410903
30057,46.856687,-96.75749,21,1459.8190301587654
30057,46.857576,-96.757514,22,1559.1045716827857
30057,46.858479,-96.757511,23,1659.9366362294693
30057,46.859876,-96.75751,24,1815.9300411781915
30057,46.860229,-96.757478,25,1855.4232547909792
30057,46.860479,-96.757513,26,1883.4674592001502
30057,46.862068,-96.757503,27,2060.9018166948554
30057,46.86231,-96.757526,28,2087.9816503346897
30057,46.863061,-96.757519,29,2171.8423682355824
30057,46.86472,-96.757497,30,2357.0991508406078
30057,46.86501,-96.757453,31,2389.6563239065144
30057,46.865225,-96.757484,32,2413.7810059362573
30057,46.866802,-96.757443,33,2589.9017499644315
30057,46.868279,-96.75744,34,2754.8283507724464
30057,46.869341,-96.757448,35,2873.4161744832954
30057,46.870497,-96.75739,36,3002.5751462103226
30057,46.870729,-96.757426,37,3028.6272673047647
30057,46.871795,-96.75745,38,3147.6743474513723
30057,46.872645,-96.757453,39,3242.5882807614926
30057,46.87273,-96.757535,40,3253.9687255355343
30057,46.872764,-96.757774,41,3272.6599463845446
30057,46.872738,-96.758032,42,3292.628638535864
30057,46.872749,-96.760705,43,3497.3186805864666
30057,46.872778,-96.761046,44,3523.6308982784008
30057,46.872748,-96.761404,45,3551.2487763141644
30057,46.872757,-96.762583,46,3641.53661096711
30057,46.872756,-96.762653,47,3646.898038359613
30057,46.872799,-96.762694,48,3652.634869620089
30057,46.873615,-96.762752,49,3743.859593600906
30057,46.873749,-96.762787,50,3759.0604883190113
30057,46.873816,-96.762883,51,3769.5490250645157
30057,46.87384,-96.763049,52,3782.539677794813
30057,46.873851,-96.765801,53,3993.2734758908655
30057,46.873875,-96.766118,54,4017.694703126652
30057,46.873851,-96.766415,55,4040.5943213341666
30057,46.873856,-96.767823,56,4148.410871259795
30057,46.873858,-96.769324,57,4263.347299510149
30057,46.873866,-96.770828,58,4378.516481156565
30057,46.873896,-96.772244,59,4486.995288951124
30057,46.873868,-96.77269,60,4521.289531602383
30057,46.873898,-96.773766,61,4603.74975904252
30057,46.873882,-96.774258,62,4641.465795330875
30057,46.873912,-96.775283,63,4720.024039768866
30057,46.873959,-96.776035,64,4777.845101971461
30057,46.873966,-96.776516,65,4814.684647331661
30057,46.873928,-96.777284,66,4873.644986358375
30057,46.873907,-96.778015,67,4929.668352933007
30057,46.873887,-96.778686,68,4981.096781431797
30057,46.873894,-96.77905,69,5008.979991197533
30057,46.873934,-96.779366,70,5033.585529592029
30057,46.873972,-96.779693,71,5058.98153491839
30057,46.873954,-96.780046,72,5086.086047830763
30057,46.873977,-96.780303,73,5105.931896926101
30057,46.8741,-96.780635,74,5134.826487118657
30057,46.874291,-96.781024,75,5171.460742993775
30057,46.874458,-96.781178,76,5193.523597391203
30057,46.874762,-96.781376,77,5230.700144876609
30057,46.874872,-96.781442,78,5243.9817747050965
30057,46.875005,-96.781492,79,5259.318109398623
30057,46.875793,-96.781554,80,5347.434146477121
30057,46.875894,-96.781639,81,5360.455069408534
30057,46.875942,-96.781829,82,5375.959049246618
30057,46.875949,-96.783047,83,5469.2231851267625
30057,46.875857024957085,-96.78314077280808,84,5481.754130582179
30057,46.87507005723607,-96.78312214945984,85,5569.638331893796
30057,46.87499654368157,-96.78319732736968,86,5579.664072781252
30057,46.87502727366515,-96.78337089549257,87,5593.390012664316
30057,46.87504346754877,-96.7837491335907,88,5622.408117796917
30057,46.87507117478744,-96.78442531282808,89,5674.275498861591
30057,46.875097,-96.784836,90,5705.853709458471
30057,46.87511,-96.78512,91,5727.647935818149
30057,46.874886146277696,-96.78547647850418,92,5764.658964748773
30057,46.875053,-96.785707,93,5790.323437165645
30058,46.875053,-96.785707,0,0
30058,46.87513099334971,-96.7854592134571,1,20.87617670788443
30058,46.87509516237533,-96.78514909937095,2,44.956242456904974
30058,46.87506,-96.784899,3,64.50465781799096
30058,46.87506274408781,-96.78471017790986,4,78.96599447542916
30058,46.87500960545423,-96.78351810779571,5,170.43545964162544
30058,46.87499257874689,-96.78311492492294,6,201.365710158282
30058,46.87508380120683,-96.78306925131226,7,212.13523980253981
30058,46.875794234851845,-96.78307497642224,8,291.4633113104464
30058,46.8758758140579,-96.78301885152054,9,301.5352453835002
30058,46.875823,-96.781802,10,394.8947788549085
30058,46.875833,-96.781675,11,404.68294971258433
30058,46.875747,-96.781609,12,415.5342832470726
30058,46.875369,-96.781577,13,457.81281099513774
30058,46.874885,-96.781534,14,511.9564403494056
30058,46.874696,-96.781484,15,533.4046409438574
30058,46.874482,-96.781376,16,558.690399616561
30058,46.874316,-96.781255,17,579.412593191958
30058,46.874179,-96.781124,18,597.7054652464723
30058,46.874042,-96.781118,19,613.0097867750952
30058,46.873911,-96.781129,20,627.6614812097799
30058,46.873808,-96.781092,21,639.5062870456698
30058,46.8737,-96.780858,22,661.1043592601001
30058,46.873712,-96.780646,23,677.3928751777108
30058,46.873769,-96.780437,24,694.6156295326066
30058,46.873811,-96.780176,25,715.1438261991198
30058,46.873797,-96.779064,26,800.3064377525427
30058,46.873831,-96.77771,27,904.054782835563
30058,46.87388,-96.776743,28,978.3020854434147
30058,46.873875,-96.776138,29,1024.6317260898008
30058,46.873784,-96.775221,30,1095.5801052195093
30058,46.873767,-96.774443,31,1155.183860482345
30058,46.873742,-96.774111,32,1180.7588110960396
30058,46.873753,-96.773779,33,1206.2106247464865
30058,46.873753,-96.772416,34,1310.579400421448
30058,46.873723,-96.771091,35,1412.0938814597416
30058,46.873739,-96.770777,36,1436.204107282376
30058,46.873734,-96.769287,37,1550.2994436822069
30058,46.873733,-96.767778,38,1665.8485668715289
30058,46.873716,-96.766465,39,1766.4073758675195
30058,46.873728,-96.765935,40,1807.0134443828138
30058,46.873726,-96.764999,41,1878.68664195837
30058,46.873708,-96.764896,42,1886.8257970664074
30058,46.873626,-96.764852,43,1896.5823108320203
30058,46.873248,-96.764834,44,1938.8131049069805
30058,46.872807,-96.764822,45,1988.0646894788406
30058,46.872732,-96.764769,46,1997.3709337992948
30058,46.872708,-96.764684,47,2004.4099218704403
30058,46.872678,-96.763071,48,2127.9711127074734
30058,46.872687,-96.76288,49,2142.631476765222
30058,46.87266,-96.762812,50,2148.6484228345853
30058,46.872553,-96.762778,51,2160.876683838861
30058,46.871682,-96.762768,52,2258.137672933245
30058,46.870772,-96.762818,53,2359.822592481879
30058,46.870375,-96.76279,54,2404.204400939794
30058,46.869314,-96.762784,55,2522.6791274181564
30058,46.868393,-96.762844,56,2625.622816093517
30058,46.868006,-96.76281,57,2668.9145469284117
30058,46.867236,-96.762826,58,2754.9033448013624
30058,46.866783,-96.762848,59,2805.5144740493265
30058,46.866158,-96.762822,60,2875.331888793247
30058,46.865195,-96.76283,61,2982.864549653201
30058,46.864235,-96.762878,62,3090.123491320741
30058,46.863918,-96.762841,63,3125.6337270330555
30058,46.863069,-96.762831,64,3220.438219818498
30058,46.862342,-96.7629,65,3301.788633844279
30058,46.86196,-96.762852,66,3344.6018131745845
30058,46.860295,-96.762856,67,3530.520002535221
30058,46.858826,-96.762872,68,3694.5566817926106
30058,46.858138,-96.762917,69,3771.4577115244797
30058,46.857624,-96.762862,70,3829.006600955672
30058,46.856547,-96.76287,71,3949.2685946955144
30058,46.855543,-96.762891,72,4061.389208650279
30058,46.855104,-96.762916,73,4110.446403428308
30058,46.8548,-96.76287,74,4144.5741722764415
30058,46.853178,-96.762893,75,4325.69919617491
30058,46.852239,-96.762881,76,4430.554243713512
30058,46.851829,-96.7629,77,4476.358969145126
30058,46.851471,-96.762942,78,4516.463385991615
30058,46.851249,-96.762898,79,4541.480554801228
30058,46.850436,-96.762895,80,4632.262398060347
30058,46.849585,-96.762879,81,4727.295029146408
30058,46.848226,-96.762891,82,4879.047054573757
30060,46.882816,-96.723744,0,0
30060,46.882797,-96.724028,1,21.847513164886585
30060,46.882792,-96.725183,2,110.28093106588358
30060,46.882805,-96.725261,3,116.42683887134577
30060,46.882868,-96.725281,4,123.6266055785518
30060,46.882928,-96.725231,5,131.34318852782945
30060,46.882942,-96.725127,6,139.45785728246025
30060,46.882951,-96.723579,7,257.9832027487612
30060,46.882964,-96.723456,8,267.5118134481768
30060,46.883046,-96.723377,9,278.48591708968877
30060,46.883645,-96.723393,10,345.3860153079071
30060,46.883747,-96.723427,11,357.06978907526616
30060,46.883792,-96.723557,12,368.21953226422744
30060,46.88381,-96.723755,13,383.5116503103684
30060,46.883766,-96.724256,14,422.18303098329056
30060,46.883725,-96.724617,15,450.19885224011625
30060,46.883716,-96.725372,16,508.0125311109481
30060,46.883708,-96.725629,17,527.7094407590542
30060,46.883673,-96.725719,18,535.6313311610843
30060,46.883626,-96.725788,19,543.0780539146698
30060,46.883542,-96.725811,20,552.6219671830971
30060,46.882795,-96.7258,21,636.041664992867
30060,46.882293,-96.725796,22,692.0994689428645
30060,46.88146,-96.725695,23,785.4391993396546
30060,46.880846,-96.725612,24,854.296799130215
30060,46.880645,-96.725598,25,876.7675072904921
30060,46.880277,-96.725643,26,918.0052647221971
30060,46.879588,-96.725642,27,994.9440644876516
30060,46.879275,-96.72567,28,1029.9616174110033
30060,46.87901,-96.725644,29,1059.6203389725863
30060,46.87838,-96.725637,30,1129.9727732544816
30060,46.878042,-96.72566,31,1167.7573819644213
30060,46.877719,-96.725626,32,1203.919751757324
30060,46.877373,-96.725632,33,1242.559366286738
30060,46.877217,-96.725675,34,1260.2879018869426
30060,46.87672,-96.725704,35,1315.830949794751
30060,46.876652,-96.725718,36,1323.4996246643389
30060,46.876608,-96.725793,37,1331.0575894788142
30060,46.876596,-96.725885,38,1338.2286164895247
30060,46.876602,-96.726442,39,1380.8850196194167
30060,46.876605,-96.728358,40,1527.5989753156764
30060,46.876593,-96.729876,41,1643.8440545020437
30060,46.876583,-96.731263,42,1750.0560973974855
30060,46.876596,-96.731739,43,1786.533502852908
30060,46.876593,-96.732344,44,1832.8610409960763
30060,46.876585,-96.732926,45,1877.4351280183973
30060,46.876598,-96.733,46,1883.2844784496924
30060,46.87665,-96.733028,47,1889.4743098221434
30060,46.877906,-96.73299,48,2029.7573914919783
30060,46.878105,-96.733044,49,2052.3603994882733
30060,46.878449,-96.733038,50,2090.7763602309606
30060,46.878878,-96.73303,51,2138.68512725951
30060,46.879127,-96.733013,52,2166.520492845878
30060,46.879199,-96.733051,53,2175.07075733534
30060,46.879249,-96.73316,54,2185.112106456479
30060,46.879263,-96.733395,55,2203.1734907149535
30060,46.879263,-96.734851,56,2314.6571109209767
30060,46.879262,-96.735656,57,2376.294709254292
30060,46.879299,-96.736131,58,2412.8985472550708
30060,46.879269,-96.736469,59,2438.994510883189
30060,46.879267,-96.738174,60,2569.5433560028
30060,46.879306,-96.739275,61,2653.9571063918506
30060,46.87927,-96.739651,62,2683.025942072681
30060,46.879276,-96.741057,63,2790.6824179697264
30060,46.87928,-96.741955,64,2859.4416947308982
30060,46.879299,-96.742296,65,2885.6373269498945
30060,46.87928,-96.742769,66,2921.915905811894
30060,46.879272,-96.743198,67,2954.775553481927
30060,46.879276,-96.743319,68,2964.0509917711133
30060,46.879319,-96.743399,69,2971.83404159725
30060,46.879516,-96.74351,70,2995.4167559068737
30060,46.880172,-96.743782,71,3071.5719404097395
30060,46.880249,-96.743829,72,3080.892831129514
30060,46.88031,-96.743924,73,3090.858029382389
30060,46.88033,-96.744058,74,3101.3581273678114
30060,46.880328,-96.745188,75,3187.877933485104
30060,46.88035,-96.745516,76,3213.1114051707295
30060,46.880329,-96.745976,77,3248.4096635638557
30060,46.880324,-96.74707,78,3332.174485337927
30060,46.880325,-96.747667,79,3377.8843475235362
30060,46.880347,-96.747918,80,3397.2587030152795
30060,46.88035,-96.747977,81,3401.78847845041
30060,46.880409,-96.747991,82,3408.463307970784
30060,46.881371,-96.747976,83,3515.890558761234
30060,46.882315,-96.747963,84,3621.3064119903493
30060,46.882363,-96.748009,85,3627.719842994644
30060,46.882396,-96.748116,86,3636.702656051237
30060,46.882403,-96.748309,87,3651.4999065354937
30060,46.882432,-96.748526,88,3668.426636297104
30060,46.882414,-96.748826,89,3691.483184314711
30060,46.882414,-96.750969,90,3855.5565705567574
30060,46.882437,-96.752483,91,3971.5003341430297
30060,46.882435,-96.752564,92,3977.705892943441
30060,46.882465,-96.752605,93,3982.2967040173653
30060,46.882518,-96.752623,94,3988.37322022404
30060,46.88301,-96.752601,95,4043.337599342243
30060,46.883314,-96.75256,96,4077.4282054084124
30060,46.883509,-96.752621,97,4099.697842249094
30060,46.884914,-96.752602,98,4256.592152636938
30060,46.885236,-96.752531,99,4292.95643036707
30060,46.885471,-96.75258,100,4319.464197792423
30060,46.886002,-96.752575,101,4378.75888573389
30060,46.887459,-96.752564,102,4541.455152390648
30060,46.889143,-96.752462,103,4729.658976872961
30060,46.889266,-96.752516,104,4744.0022329329
30060,46.889331,-96.752549,105,4751.687444788045
30060,46.889365,-96.752656,106,4760.715618998347
30060,46.889366,-96.75423,107,4881.208788154337
30060,46.889361,-96.755684,108,4992.516851998244
30060,46.889366,-96.756624,109,5064.477832929316
30060,46.889381,-96.757053,110,5097.361263989083
30060,46.889386,-96.757127,111,5103.053545339634
30060,46.889409,-96.757168,112,5107.109020449778
30060,46.890388,-96.757167,113,5216.427269652933
30060,46.890455,-96.757208,114,5224.540369189753
30060,46.890507,-96.757274,115,5232.237195449047
30060,46.890537,-96.757386,116,5241.442015638461
30060,46.890535,-96.758638,117,5337.282975678589
30060,46.890548,-96.758966,118,5362.4333029660775
30060,46.890522,-96.759457,119,5400.131299661391
30060,46.890513,-96.75998,120,5440.179536482339
30060,46.89053,-96.760407,121,5472.921419882794
30060,46.890507,-96.760648,122,5491.54784716075
30060,46.890502,-96.761009,123,5519.1879905083415
30060,46.890523,-96.761265,124,5538.924543549413
30060,46.890494,-96.761477,125,5555.473025214038
30060,46.890468,-96.76166,126,5569.779323851792
30060,46.890461,-96.762296,127,5618.471287915764
30060,46.890449,-96.762397,128,5626.318072607607
30060,46.890408,-96.762494,129,5635.0413256490165
30060,46.890338,-96.762532,130,5643.381430085987
30060,46.889444,-96.762552,131,5743.219396327209
30060,46.889155,-96.762596,132,5775.665149029853
30060,46.888994,-96.76255,133,5793.984432377894
30060,46.888786,-96.762553,134,5817.211356374245
30060,46.887272,-96.762589,135,5986.29075709064
30060,46.886935,-96.762627,136,6024.033277226471
30060,46.886539,-96.762583,137,6068.379716273152
30060,46.886034,-96.76258,138,6124.769717733832
30060,46.885513,-96.762599,139,6182.964031680396
30060,46.884658,-96.762617,140,6278.445363026412
30060,46.884551,-96.762622,141,6290.399374458206
30060,46.884387,-96.762671,142,6309.092300155516
30060,46.884156,-96.762637,143,6335.017330076905
30060,46.88344,-96.762624,144,6414.9738305996225
30060,46.882615,-96.762654,145,6507.123969905566
30060,46.881844,-96.762663,146,6593.218465352766
30060,46.881481,-96.762707,147,6633.891676167137
30060,46.881242,-96.76267,148,6660.728926758581
30060,46.880748,-96.762678,149,6715.893569965976
30060,46.88045,-96.762723,150,6749.346868331184
30060,46.88026,-96.762683,151,6770.782636135695
30060,46.87927,-96.762694,152,6881.331653598031
30060,46.878638,-96.762709,153,6951.911655775615
30060,46.878367,-96.762754,154,6982.367698158636
30060,46.878309,-96.762754,155,6988.844118864235
30060,46.878285,-96.762775,156,6991.969376476412
30060,46.878267,-96.762845,157,6997.693559023212
30060,46.878275,-96.76471,158,7140.4941476879785
30060,46.87829,-96.765636,159,7211.41500827724
30060,46.87831,-96.766116,160,7248.234934198682
30060,46.878287,-96.76619,161,7254.455770449469
30060,46.878255,-96.766251,162,7260.336416634462
30060,46.878189,-96.766298,163,7268.53779524785
30060,46.877237,-96.766308,164,7374.842740929432
30060,46.877201,-96.766324,165,7379.045108939075
30060,46.87716,-96.766364,166,7384.553261891978
30060,46.87714,-96.766466,167,7392.676275010796
30060,46.877151,-96.767091,168,7440.547366348606
30060,46.87718,-96.76758,169,7478.1291066495005
30060,46.87717,-96.767746,170,7490.888416130954
30060,46.877142,-96.767812,171,7496.830908158714
30060,46.877094,-96.767859,172,7503.286746596928
30060,46.876554,-96.767884,173,7563.614473057431
30060,46.876275,-96.76793,174,7594.966577936029
30060,46.876143,-96.767911,175,7609.777553371624
30060,46.875814,-96.767925,176,7646.529906867062
30060,46.87519,-96.767934,177,7716.2102475091315
30060,46.875157,-96.76795,178,7720.093415999592
30060,46.875124,-96.767982,179,7724.518561065013
30060,46.875109,-96.768053,180,7730.2072878565505
30060,46.875101,-96.768845,181,7790.858344771216
30060,46.875101,-96.769546,182,7844.534790783571
30060,46.875062,-96.770923,183,7950.063203992293
30060,46.875065,-96.772375,184,8061.24492215659
30060,46.87507,-96.772712,185,8087.055387478607
30060,46.875101,-96.772951,186,8105.680334152656
30060,46.875091,-96.773825,187,8172.61259903848
30060,46.875092,-96.774406,188,8217.100387069233
30060,46.875105,-96.774487,189,8223.470223624952
30060,46.875143,-96.774547,190,8229.724110157686
30060,46.87538,-96.774784,191,8261.81219137357
30060,46.875739,-96.775145,192,8310.504854793813
30060,46.875831,-96.775244,193,8323.27171837642
30060,46.875881,-96.775397,194,8336.249202668996
30060,46.875896,-96.775516,195,8345.513640886911
30060,46.875901,-96.775659,196,8356.477308417145
30060,46.87589,-96.775767,197,8364.83753665087
30060,46.875861,-96.775885,198,8374.435486185994
30060,46.875855,-96.775935,199,8378.322142366236
30060,46.875862,-96.775992,200,8382.756044628786
30060,46.875889,-96.77604,201,8387.509712344385
30060,46.876005,-96.776129,202,8402.145651314539
30060,46.876071,-96.776157,203,8409.82077687636
30060,46.876311,-96.776212,204,8436.948215486875
30060,46.876574,-96.776228,205,8466.340513839985
30060,46.876866,-96.776218,206,8498.954417924748
30060,46.877187,-96.776173,207,8534.962720884758
30060,46.877362,-96.776158,208,8554.537062073157
30060,46.877405,-96.776106,209,8560.77452068041
30060,46.877416,-96.776001,210,8568.90737390483
30060,46.877409,-96.775733,211,8589.442299870574
30060,46.877415,-96.774909,212,8652.537379440098
30060,46.877418,-96.774712,213,8667.62488057411
30060,46.877446,-96.774595,214,8677.113175076567
30060,46.877535,-96.774549,215,8687.656675792561
30060,46.877642,-96.774557,216,8699.620081989735
30060,46.877711,-96.774614,217,8708.474921719497
30060,46.877756,-96.774728,218,8718.546519456022
30060,46.877729,-96.77489,219,8731.311498211388
30060,46.877659,-96.775119,220,8750.508622375768
30060,46.877526,-96.775268,221,8769.235682210265
30060,46.877433,-96.775401,222,8783.780079317947
30060,46.877425,-96.775645,223,8802.483853780499
30060,46.877436,-96.776225,224,8846.909870371459
30060,46.877426,-96.776265,225,8850.169760819103
30060,46.877394,-96.77629,226,8854.2233310858
30060,46.87718,-96.776289,227,8878.118834590987
30060,46.877134,-96.776323,228,8883.877278581169
30060,46.877112,-96.776407,229,8890.76212856157
30060,46.877116,-96.777379,230,8965.18724302199
30060,46.877148,-96.777765,231,8994.957537843244
30060,46.877098,-96.77844,232,9046.941308460824
30060,46.877092,-96.779179,233,9103.5286753553
30060,46.877107,-96.779845,234,9154.550099471793
30060,46.87709,-96.780213,235,9182.790774177176
30060,46.877042,-96.780681,236,9219.022938242064
30060,46.877003,-96.781471,237,9279.667758008305
30060,46.876980890672435,-96.78296327590942,238,9393.95406333379
30060,46.87693533223153,-96.78306891534424,239,9403.509290514568
30060,46.875916,-96.783135,240,9517.440111716282
30060,46.875044,-96.783131,241,9614.807909450361
30060,46.875003,-96.783217,242,9622.827956577104
30060,46.875065,-96.784143,243,9694.068988941357
30060,46.875093,-96.784863,244,9749.287905342722
30060,46.87507,-96.785205,245,9775.600427181776
30060,46.874882,-96.785468,246,9804.689919464216
30060,46.875053,-96.785707,247,9831.137415831641
30061,46.875053,-96.785707,0,0
30061,46.87509501833068,-96.78541650793456,1,22.73236065156547
30061,46.87507133535311,-96.78510654232788,2,46.61324253737273
30061,46.875054,-96.784875,3,64.44776702528257
30061,46.875055,-96.784739,4,74.8618746031499
30061,46.87508982752973,-96.78467750429918,5,80.96883905740587
30061,46.87584483985993,-96.78459782209016,6,165.49367907590238
30061,46.875898,-96.78451,7,174.46319036581914
30061,46.875897,-96.783797,8,229.05683508160394
30061,46.875879,-96.783121,9,280.8563797538196
30061,46.875877,-96.782739,10,310.1065535829542
30061,46.875823,-96.781802,11,382.1046361073233
30061,46.875868,-96.780603,12,474.0483951582963
30061,46.875866,-96.780136,13,509.80688502742447
30061,46.875837,-96.779966,14,523.2203754614533
30061,46.87573,-96.779723,15,545.3324117655219
30061,46.875603,-96.779524,16,566.1476159467038
30061,46.875401,-96.779212,17,599.0028396395326
30061,46.875239,-96.778975,18,624.6256427676714
30061,46.875148,-96.77874,19,645.2903978712627
30061,46.875095,-96.778481,20,665.9862943830826
30061,46.875081,-96.778318,21,678.564794179636
30061,46.875082,-96.777785,22,719.3770151661854
30061,46.875102,-96.777204,23,763.9205036373129
30061,46.875131,-96.776548,24,814.2550452013807
30061,46.875124,-96.776106,25,848.1082629117386
30061,46.875086,-96.775273,26,912.0326024515796
30061,46.875058,-96.774703,27,955.7897818693957
30061,46.875031,-96.774237,28,991.5989404051816
30061,46.875037,-96.773862,29,1020.3208469018649
30061,46.875015,-96.773229,30,1068.8524811392315
30061,46.875024,-96.772646,31,1113.5047026964967
30061,46.875022,-96.770966,32,1242.1443912402212
30061,46.875029,-96.769504,33,1354.0943092925413
30061,46.875068,-96.769017,34,1391.6379603373452
30061,46.875063,-96.768066,35,1464.4594632424507
30061,46.875073,-96.7679,36,1477.2192683891894
30061,46.875116,-96.767817,37,1485.1845302662591
30061,46.875193,-96.767778,38,1494.2863280358938
30061,46.875896,-96.767764,39,1572.7918730479098
30061,46.875973,-96.767749,40,1581.4662047491022
30061,46.876011,-96.767706,41,1586.8369544022746
30061,46.876031,-96.767643,42,1592.1527317247987
30061,46.876028,-96.767474,43,1605.0974074717744
30061,46.87602,-96.7673,44,1618.4505157008543
30061,46.876034,-96.767083,45,1635.1396040504205
30061,46.876036,-96.766238,46,1699.8417538228405
30061,46.876017,-96.764942,47,1799.099465796674
30061,46.876036,-96.764724,48,1815.9260791155677
30061,46.876013,-96.762603,49,1978.3522433685166
30061,46.87601,-96.760649,50,2127.971610826469
30061,46.875994,-96.760185,51,2163.545327634502
30061,46.876008,-96.759702,52,2200.562042217912
30061,46.876011,-96.758633,53,2282.416959818968
30061,46.876048,-96.758198,54,2315.9805510646297
30061,46.876057,-96.758002,55,2331.022053107837
30061,46.876059,-96.757802,56,2346.337858958084
30061,46.876058,-96.757609,57,2361.116465417195
30061,46.876072,-96.757494,58,2370.059809729806
30061,46.876113,-96.757403,59,2378.397203334466
30061,46.876192,-96.757366,60,2387.662376808577
30061,46.876403,-96.757361,61,2411.2264081448657
30061,46.876526,-96.757334,62,2425.1157001156816
30061,46.877039,-96.757358,63,2482.42835738523
30061,46.878238,-96.757336,64,2616.323051425898
30061,46.879296,-96.757311,65,2734.4781556627267
30061,46.880021,-96.757328,66,2815.444392301264
30061,46.880211,-96.757275,67,2837.0449816675023
30061,46.880368,-96.75732,68,2854.9114537379783
30061,46.881366,-96.757317,69,2966.35149933979
30061,46.882436,-96.757292,70,3085.8463858126515
30061,46.882988,-96.757294,71,3147.484627738088
30061,46.883323,-96.757229,72,3185.22134831899
30061,46.883502,-96.757271,73,3205.4660494115774
30061,46.884501,-96.757272,74,3317.017551634506
30061,46.884968,-96.757265,75,3369.1669912185152
30061,46.885401,-96.757211,76,3417.6935518435725
30061,46.885482,-96.757232,77,3426.8800411415023
30061,46.885509,-96.757285,78,3431.935067813381
30061,46.885544,-96.757372,79,3439.657516116054
30061,46.885551,-96.757505,80,3449.8695944652413
30061,46.885555,-96.758535,81,3528.724814406531
30061,46.88558,-96.759311,82,3588.198703226101
30061,46.885546,-96.759603,83,3610.873469737538
30061,46.885545,-96.761814,84,3780.141050239647
30061,46.885579,-96.762368,85,3822.723133247453
30061,46.885563,-96.762458,86,3829.8411107280153
30061,46.885526,-96.762537,87,3837.165561372092
30061,46.885455,-96.762595,88,3846.252364636552
30061,46.88461,-96.762609,89,3940.613214802388
30061,46.884387,-96.762671,90,3965.962305462448
30061,46.884021,-96.762621,91,4007.009637244787
30061,46.883408,-96.762618,92,4075.45909822399
30061,46.882684,-96.762657,93,4156.357823950808
30061,46.881878,-96.762662,94,4246.358561178862
30061,46.881481,-96.762707,95,4290.8222293091
30061,46.881224,-96.762667,96,4319.682424641384
30061,46.880659,-96.762677,97,4382.776345954894
30061,46.88045,-96.762723,98,4406.378053027346
30061,46.88024,-96.762666,99,4430.229818880554
30061,46.879321,-96.762689,100,4532.862705521992
30061,46.878794,-96.762699,101,4591.71378876953
30061,46.878367,-96.762754,102,4639.579254372854
30061,46.87813,-96.762711,103,4666.247267511158
30061,46.877144,-96.762709,104,4776.346532140654
30061,46.876232,-96.762686,105,4878.197898989766
30061,46.876112,-96.762673,106,4891.634313948445
30061,46.876039,-96.762603,107,4901.3900045430455
30061,46.87603,-96.759608,108,5130.721255768438
30061,46.876023,-96.757403,109,5299.561852995407
30061,46.876003,-96.755998,110,5407.1673699141
30061,46.875982,-96.755807,111,5421.979257242075
30061,46.875997,-96.754368,112,5532.177999659618
30061,46.875985,-96.752977,113,5638.697194870761
30061,46.875988,-96.751885,114,5722.313923769599
30061,46.875981,-96.750509,115,5827.679338166536
30061,46.875969,-96.748687,116,5967.199505982055
30061,46.875959,-96.748026,117,6017.825834698909
30061,46.875987,-96.747591,118,6051.281039131127
30061,46.875996,-96.74737,119,6068.233248620898
30061,46.875955,-96.747213,120,6081.097304013914
30061,46.875859,-96.747056,121,6097.2043808638855
30061,46.875688,-96.746926,122,6118.737955009588
30061,46.875589,-96.746836,123,6131.764903490893
30061,46.875541,-96.746693,124,6143.956228063987
30061,46.875549,-96.746478,125,6160.44356444041
30061,46.875626,-96.745592,126,6228.829591443303
30061,46.875679,-96.744765,127,6292.431091714646
30061,46.875703,-96.744043,128,6347.781445672822
30061,46.87574,-96.743094,129,6420.566257557605
30061,46.875777,-96.74239,130,6474.631521488629
30061,46.875745,-96.742288,131,6483.220523827581
30061,46.875657,-96.742218,132,6494.4138844947565
30061,46.875613,-96.74213,133,6502.753334461281
30061,46.875592,-96.742026,134,6511.054997607638
30061,46.875582,-96.74165,135,6539.8680943539875
30061,46.875686,-96.739847,136,6678.416849449108
30061,46.875685,-96.739645,137,6693.88500937904
30061,46.875788,-96.737874,138,6829.982781092665
30061,46.875795,-96.737474,139,6860.621988625876
30061,46.875734,-96.737159,140,6885.685881810587
30061,46.875641,-96.736964,141,6903.873925967783
30061,46.875527,-96.736795,142,6922.026548283676
30061,46.875366,-96.736528,143,6949.251917672088
30061,46.875326,-96.736285,144,6968.3879513797565
30061,46.875344,-96.73583,145,7003.287000870771
30061,46.875382,-96.735171,146,7053.927293433535
30061,46.875457,-96.733778,147,7160.923023666708
30061,46.875481,-96.733552,148,7178.435012090824
30061,46.875489,-96.733415,149,7188.963604200643
30061,46.875541,-96.733175,150,7208.23685365125
30061,46.875575,-96.73293,151,7227.377761340193
30061,46.875566,-96.732637,152,7249.836395521024
30061,46.875546,-96.732214,153,7282.304056741913
30061,46.875568,-96.731806,154,7313.642660360711
30061,46.875562,-96.731241,155,7356.912139102368
30061,46.875511,-96.730873,156,7385.66110640485
30061,46.875452,-96.730544,157,7411.701234045396
30061,46.875438,-96.730134,158,7443.135573722556
30061,46.875444,-96.730026,159,7451.4326912262295
30061,46.875519,-96.729925,160,7462.832489590742
30061,46.875739,-96.729883,161,7487.608792335935
30061,46.875853,-96.729846,162,7500.650276057239
30061,46.875951,-96.729804,163,7512.056412971908
30061,46.876243,-96.729803,164,7544.663192478756
30061,46.87633,-96.729768,165,7554.741092681579
30061,46.876397,-96.729658,166,7566.007095907359
30061,46.876429,-96.729414,167,7585.029527572733
30061,46.876461,-96.729115,168,7608.201999514044
30061,46.876465,-96.728108,169,7685.3122426641185
30061,46.876471,-96.727369,170,7741.903663604861
30061,46.876501,-96.726982,171,7771.726181770972
30061,46.876505,-96.725821,172,7860.628650277599
30061,46.876504,-96.725673,173,7871.962024731236
30061,46.876533,-96.725521,174,7884.0432473175715
30061,46.876606,-96.725432,175,7894.668439342429
30061,46.876719,-96.725392,176,7907.653263856446
30061,46.87727,-96.725394,177,7969.1821497792025
30061,46.878008,-96.725404,178,8051.596190882111
30061,46.878289,-96.72541,179,8082.978071158065
30061,46.878571,-96.725382,180,8114.541156433066
30061,46.878872,-96.725411,181,8148.226288787461
30061,46.879334,-96.725383,182,8199.861120081541
30061,46.879535,-96.725414,183,8222.431412138536
30061,46.879843,-96.725442,184,8256.891701540186
30061,46.880172,-96.725459,185,8293.653299527989
30061,46.880745,-96.725475,186,8357.650395459548
30061,46.881135,-96.725499,187,8401.239397128238
30061,46.881329,-96.725516,188,8422.941922609489
30061,46.881638,-96.725555,189,8457.576084815444
30061,46.882111,-96.725615,190,8510.594118075262
30061,46.882294,-96.725634,191,8531.080946270546
30061,46.882382,-96.725643,192,8540.93179829171
30061,46.882718,-96.725649,193,8578.454818453918
30061,46.882871,-96.725619,194,8595.69362133538
30061,46.883361,-96.725609,195,8650.415949493929
30061,46.883467,-96.725587,196,8662.371927819253
30061,46.883576,-96.725556,197,8674.772912669423
30061,46.883617,-96.725457,198,8683.62806616866
30061,46.883625,-96.725247,199,8699.731084204657
30061,46.883626,-96.724377,200,8766.34098018255
30061,46.883623,-96.723575,201,8827.745474526191
30061,46.883612,-96.723482,202,8834.97101921116
30061,46.88357,-96.723431,203,8841.073748541807
30061,46.882974,-96.723424,204,8907.629781964453
30061,46.882834,-96.72346,205,8923.504363157135
30061,46.882808,-96.723514,206,8928.556424717695
30061,46.882816,-96.723744,207,8946.188850945586
30062,46.909907,-96.787151,0,0
30062,46.909899,-96.787361,1,16.093932807574213
30062,46.909875,-96.787405,2,20.397096206753197
30062,46.90903,-96.787429,3,114.7669815559351
30062,46.908228,-96.787468,4,204.36736142577945
30062,46.907752,-96.78745,5,257.53497791488866
30062,46.907312,-96.78746,6,306.67097819590896
30062,46.906557,-96.78747,7,390.97713483003986
30062,46.906381,-96.787469,8,410.6293000634239
30062,46.905586,-96.787455,9,499.40481654913765
30062,46.904769,-96.787479,10,590.6488565741336
30062,46.904343,-96.787506,11,638.26052389998
30062,46.903933,-96.787486,12,684.0663663303972
30062,46.903666,-96.787493,13,713.8841804441752
30062,46.903525,-96.787492,14,729.628311074727
30062,46.903002,-96.787518,15,788.0599505998956
30062,46.901934,-96.787518,16,907.3119538998158
30062,46.901358,-96.787565,17,971.7281450608433
30062,46.901112,-96.78755,18,999.2202804370404
30062,46.900182,-96.787567,19,1103.0714632850556
30062,46.899427,-96.787564,20,1187.3744526382368
30062,46.897715,-96.787648,21,1378.643029538418
30062,46.897568,-96.787638,22,1395.0747616534827
30062,46.89539,-96.78765,23,1638.270159680634
30062,46.895188,-96.787667,24,1660.8628121524664
30062,46.894789,-96.787666,25,1705.4148843167568
30062,46.894313,-96.787693,26,1758.6048088252808
30062,46.893874,-96.787691,27,1807.623419600135
30062,46.893427,-96.787703,28,1857.5435153663718
30062,46.892896,-96.787736,29,1916.8883094867494
30062,46.890359,-96.787801,30,2200.2112704308443
30062,46.88866,-96.787829,31,2389.932270009925
30062,46.886843,-96.787834,32,2592.8173002168755
30062,46.885847,-96.787814,33,2704.040350521875
30062,46.885298,-96.787811,34,2765.341654181986
30062,46.884821,-96.787817,35,2818.6050494810593
30062,46.884649,-96.787798,36,2837.865426781527
30062,46.883146,-96.787784,37,3005.6925575598125
30062,46.882792,-96.787788,38,3045.2210846913995
30062,46.882321,-96.787802,39,3097.823467149029
30062,46.882153,-96.78775,40,3116.999997236579
30062,46.881184,-96.787747,41,3225.197967727139
30062,46.880868,-96.787738,42,3260.488990281905
30062,46.880179,-96.787763,43,3337.445958646406
30062,46.88008,-96.787701,44,3349.476309726956
30062,46.880083,-96.787268,45,3382.629546944514
30062,46.88011,-96.786938,46,3408.0743962105025
30062,46.880059,-96.786297,47,3457.480264113585
30062,46.880042,-96.78624,48,3462.2392865990923
30062,46.880023,-96.786207,49,3465.538441374107
30062,46.879951,-96.786195,50,3473.63024284217
30062,46.879865,-96.78619,51,3483.2405756502794
30062,46.87915,-96.78625,52,3563.2090738337442
30062,46.879029,-96.786214,53,3576.998143992454
30062,46.878498,-96.786211,54,3636.2897104316444
30062,46.877969,-96.786294,55,3695.69837938006
30062,46.877064,-96.786243,56,3796.8255152985857
30062,46.876950998355234,-96.78609524536895,57,3813.772285446535
30062,46.876942010934854,-96.78317301055908,58,4037.5219224462367
30062,46.87691440476512,-96.78311055288697,59,4043.2115116715277
30062,46.875226598301914,-96.78310329032136,60,4231.672412116661
30062,46.87501457858952,-96.78311412366487,61,4255.361012323921
30062,46.8749779120422,-96.78319059853364,62,4262.506040304423
30062,46.87503229513057,-96.78377704893497,63,4307.819333175417
30062,46.87507732452974,-96.78447505026246,64,4361.501264170358
30062,46.87510100000001,-96.78497220370484,65,4399.659924669691
30062,46.87491531094286,-96.78535231415556,66,4435.395060183311
30062,46.875053,-96.785707,67,4466.603084264712
30063,46.875053,-96.785707,0,0
30063,46.8751153561442,-96.78545433002472,1,20.561632508506204
30063,46.875073,-96.785038,2,52.78887070832816
30063,46.875042,-96.784836,3,68.63858419485658
30063,46.875104,-96.784673,4,82.91090475305526
30063,46.875373,-96.784597,5,113.50585506236779
30063,46.875716,-96.784589,6,151.80998773984172
30063,46.876821,-96.784621,7,275.2181423100523
30063,46.876952,-96.784718,8,291.62307037453263
30063,46.87698,-96.78603,9,392.1277756737892
30063,46.877042,-96.786164,10,404.50490856341077
30063,46.877964,-96.786159,11,507.4555594375873
30063,46.879026,-96.786166,12,626.0390207352539
30063,46.879868,-96.786144,13,720.0712974840084
30063,46.880012,-96.786116,14,736.2925280269175
30063,46.880129,-96.786174,15,750.0907568812139
30063,46.880125,-96.786941,16,808.8158750913232
30063,46.880114,-96.787262,17,833.4230907709524
30063,46.880121,-96.787533,18,854.1862222364423
30063,46.880124,-96.78765,19,863.1502830331623
30063,46.880174,-96.787694,20,869.6708548838652
30063,46.880862,-96.7877,21,946.4937359407185
30063,46.881175,-96.787704,22,981.4443969596301
30063,46.882096,-96.787686,23,1084.2917234976783
30063,46.882152,-96.787695,24,1090.582486257899
30063,46.882707,-96.787717,25,1152.5762077629327
30063,46.883137,-96.78772,26,1200.5901975695815
30063,46.884644,-96.787758,27,1368.8856985949394
30063,46.884818,-96.787723,28,1388.4982865160198
30063,46.885298,-96.787765,29,1442.191042217556
30063,46.885838,-96.787766,30,1502.4870352172268
30063,46.886694,-96.787731,31,1598.104822275719
30063,46.888542,-96.787735,32,1804.4511760319106
30063,46.890286,-96.787644,33,1999.309310669166
30063,46.890506,-96.78768,34,2024.0284128258875
30063,46.892761,-96.787666,35,2275.8221103182846
30063,46.893421,-96.787654,36,2349.5228837451923
30063,46.893735,-96.787648,37,2384.586869854089
30063,46.894182,-96.78764,38,2434.5022738046255
30063,46.894787,-96.787628,39,2502.0623146763046
30063,46.895097,-96.787574,40,2536.9225538851483
30063,46.895523,-96.787589,41,2584.503216163496
30063,46.897498,-96.787529,42,2805.0779019370484
30063,46.897946,-96.787533,43,2855.102151435815
30063,46.899429,-96.787521,44,3020.6952624188534
30063,46.90018,-96.787508,45,3104.55720964187
30063,46.901083,-96.787464,46,3205.4416702302797
30063,46.901587,-96.787476,47,3261.725393118004
30063,46.903008,-96.787445,48,3420.4108331981392
30063,46.903316,-96.787439,49,3454.8049285291613
30063,46.903744,-96.78743,50,3502.6000245872096
30063,46.904004,-96.787409,51,3531.6758623070673
30063,46.904661,-96.787344,52,3605.204405972864
30063,46.904749,-96.787347,53,3615.033097279979
30063,46.90478,-96.787274,54,3621.605022829177
30063,46.904778,-96.785851,55,3730.5032600116856
30063,46.904778,-96.785112,56,3787.056830679874
30063,46.904778,-96.784348,57,3845.5236315928205
30063,46.904774,-96.784015,58,3871.0111289344977
30063,46.90478,-96.783632,59,3900.328744016124
30063,46.904759,-96.783057,60,3944.3944095862826
30063,46.90475,-96.782866,61,3959.0456517255216
30063,46.904769,-96.776977,62,4409.722166909755
30063,46.904777,-96.776883,63,4416.971042977052
30063,46.90482,-96.776843,64,4422.665243083699
30063,46.905606,-96.77685,65,4510.432084613977
30063,46.906265,-96.776827,66,4584.037446978346
30063,46.906471,-96.776829,67,4607.0400335852655
30063,46.907195,-96.77685,68,4687.89825605436
30063,46.907355,-96.776846,69,4705.766568782326
30063,46.908085,-96.776803,70,4787.345174126375
30063,46.908302,-96.776813,71,4811.587598688424
30063,46.909035,-96.776817,72,4893.435369080758
30063,46.909852,-96.776811,73,4984.66321009411
30063,46.909893,-96.776878,74,4991.536619236239
30063,46.909904,-96.77711,75,5009.331828465482
30063,46.909896,-96.780444,76,5264.452398784793
30063,46.909892,-96.780701,77,5284.1231733432305
30063,46.909906,-96.782659,78,5433.9577624156045
30063,46.909907,-96.787151,79,5777.684907647865
30064,46.919507,-96.795101,0,0
30064,46.919449,-96.795657,1,43.02703400556746
30064,46.919245,-96.795649,2,65.81350989668908
30064,46.919251,-96.794533,3,151.19628551137396
30064,46.919262,-96.793398,4,238.03882350482667
30064,46.917953,-96.793382,5,384.20480286339796
30064,46.917534,-96.793415,6,431.05774980513183
30064,46.917254,-96.793404,7,462.3334281262404
30064,46.915746,-96.793437,8,630.7332284383959
30064,46.915364,-96.793427,9,673.3935997017061
30064,46.913649,-96.793428,10,864.8877766554092
30064,46.912311,-96.793442,11,1014.290560327781
30064,46.912132,-96.793447,12,1034.2810755749306
30064,46.912066,-96.79348,13,1042.0711084554148
30064,46.912036,-96.794787,14,1142.133522108366
30064,46.912068,-96.796062,15,1239.7566023508132
30064,46.912014,-96.796183,16,1250.8052864704034
30064,46.911584,-96.796179,17,1298.8192219947093
30064,46.910656,-96.796188,18,1402.4401775867973
30064,46.910169,-96.796184,19,1456.8185076646394
30064,46.909966,-96.796211,20,1479.579051572312
30064,46.909867,-96.796264,21,1491.353651402752
30064,46.909859,-96.797986,22,1623.1220765455912
30064,46.909053,-96.798008,23,1713.1340159395854
30064,46.908541,-96.798024,24,1770.3159228886911
30064,46.908264,-96.798005,25,1801.27928913789
30064,46.907208,-96.798047,26,1919.2337281149773
30064,46.9062,-96.798068,27,2031.7962672240812
30064,46.905653,-96.798025,28,2092.9616634676754
30064,46.904902,-96.798037,29,2176.821706272111
30064,46.904481,-96.798066,30,2223.881999740001
30064,46.904334,-96.798055,31,2240.3172690859974
30064,46.903576,-96.79806,32,2324.954751316871
30064,46.90285,-96.798044,33,2406.027566659939
30064,46.901934,-96.798046,34,2508.306234123273
30064,46.901153,-96.798058,35,2595.5158180959156
30064,46.900867,-96.798102,36,2627.627001117959
30064,46.899781,-96.798088,37,2748.892109221053
30064,46.899541,-96.79811,38,2775.7428251727806
30064,46.899208,-96.798073,39,2813.0325498705024
30064,46.898543,-96.79807,40,2887.285346658383
30064,46.897468,-96.798102,41,3007.342471521232
30064,46.897083,-96.798129,42,3050.380366092953
30064,46.895176,-96.798112,43,3263.3157703751444
30064,46.894459,-96.798154,44,3343.4389296986365
30064,46.892789,-96.798116,45,3529.930141656262
30064,46.89275,-96.799067,46,3602.8529020928568
30064,46.892666,-96.799186,47,3615.92721830993
30064,46.892569,-96.799251,48,3627.846106753052
30064,46.892423,-96.799145,49,3646.0556274421956
30064,46.892371,-96.798961,50,3661.2895483031666
30064,46.892354,-96.798119,51,3725.767400917937
30064,46.891726,-96.798112,52,3795.8905495192666
30064,46.89095,-96.79813,53,3882.5479599221458
30064,46.890353,-96.798152,54,3949.228936148688
30064,46.889759,-96.798153,55,4015.5537142005164
30064,46.889044,-96.798186,56,4095.428994936954
30064,46.888684,-96.798196,57,4135.633089904223
30064,46.888538,-96.798182,58,4151.970316529628
30064,46.88735,-96.7982,59,4284.626935936969
30064,46.8869,-96.798214,60,4334.884372216695
30064,46.886458,-96.798193,61,4384.263293675324
30064,46.886005,-96.798222,62,4434.89297090302
30064,46.885649,-96.798192,63,4474.709434932315
30064,46.885259,-96.798197,64,4518.257658369163
30064,46.884893,-96.798197,65,4559.124412391108
30064,46.884656,-96.798216,66,4585.627254688752
30064,46.884384,-96.798224,67,4616.004349396224
30064,46.883862,-96.79824,68,4674.302587134132
30064,46.883568,-96.798243,69,4707.130781609235
30064,46.883364,-96.79825,70,4729.915274302099
30064,46.883125,-96.798256,71,4756.60543943536
30064,46.882502,-96.798254,72,4826.168412029032
30064,46.881513,-96.798257,73,4936.5982069748
30064,46.880623,-96.798273,74,5035.981190524655
30064,46.880415,-96.798268,75,5059.209165554143
30064,46.879856,-96.798266,76,5121.626058690611
30064,46.879576,-96.798282,77,5152.914229651925
30064,46.87919,-96.798262,78,5196.041329458122
30064,46.878891,-96.798256,79,5229.430169832043
30064,46.878322,-96.798264,80,5292.966406472902
30064,46.877935,-96.798266,81,5336.178243504003
30064,46.877403,-96.79827,82,5395.5809785369665
30064,46.876207,-96.798236,83,5529.149072255858
30064,46.875999,-96.79823,84,5552.37843739843
30064,46.875966,-96.798209,85,5556.398693560008
30064,46.875967,-96.797058,86,5644.527913868757
30064,46.875973,-96.797035,87,5646.412094504442
30064,46.875957,-96.796138,88,5715.116425950521
30064,46.875952,-96.795562,89,5759.222919643509
30064,46.875941,-96.794938,90,5807.0169517631375
30064,46.875924,-96.794071,91,5873.428359434942
30064,46.875915,-96.793389,92,5925.65732148333
30064,46.875894,-96.793208,93,5939.7130842791175
30064,46.875912,-96.792546,94,5990.440917367945
30064,46.875906,-96.791631,95,6060.503877681686
30064,46.875894,-96.790833,96,6121.619935234252
30064,46.875896,-96.790469,97,6149.491650756582
30064,46.875908,-96.789581,98,6217.497444755278
30064,46.875911,-96.788676,99,6286.7925699239495
30064,46.875904,-96.787928,100,6344.071052195662
30064,46.875903,-96.787524,101,6375.004902845751
30064,46.875912,-96.786941,102,6419.655635037273
30064,46.87592,-96.786623,103,6444.020799682534
30064,46.875919,-96.786463,104,6456.272271919048
30064,46.875899,-96.785651,105,6518.4860521764585
30064,46.875907,-96.785164,106,6555.785680913848
30064,46.875906336111505,-96.78317340342711,107,6708.203194247246
30064,46.87584967123969,-96.7831204966812,108,6715.716114562844
30064,46.875038638503305,-96.78309903900907,109,6806.290745750702
30064,46.87500565494537,-96.78319549668122,110,6814.543847659111
30064,46.875096,-96.784877,111,6943.69113857566
30064,46.87489497673043,-96.7854399325409,112,6992.289096018574
30064,46.875053,-96.785707,113,7019.298620510474
30065,46.875053,-96.785707,0,0
30065,46.8751240231916,-96.78537530422972,1,26.607212041614552
30065,46.875034,-96.785085,2,51.00290870702445
30065,46.875031,-96.78476,3,75.8903936917592
30065,46.87514,-96.784637,4,91.27971289993701
30065,46.875393,-96.784602,5,119.65641670795242
30065,46.876908,-96.784614,6,288.8231655313198
30065,46.87794873106069,-96.78462962698364,7,405.03690864125673
30065,46.87800066809484,-96.78468670038605,8,412.29826066095126
30065,46.878038,-96.786249,9,531.989279481915
30065,46.878048,-96.787446,10,623.6449177966781
30065,46.878023,-96.787935,11,661.1893074555082
30065,46.878031,-96.788506,12,704.917243917506
30065,46.878045,-96.789388,13,772.4658971318157
30065,46.878033,-96.789547,14,784.7132823629556
30065,46.87824,-96.791016,15,899.5376113134529
30065,46.878363,-96.79165,16,949.9851013702047
30065,46.878393,-96.791894,17,968.9647860204045
30065,46.878429,-96.792207,18,993.2642432021438
30065,46.878427,-96.792602,19,1023.5080035285752
30065,46.878475,-96.793209,20,1070.2905674332599
30065,46.878422,-96.79357,21,1098.5567086529288
30065,46.878447,-96.793912,22,1124.8900594957581
30065,46.878524,-96.793994,23,1135.5360402400195
30065,46.879279,-96.793968,24,1219.8615942314946
30065,46.879432,-96.794003,25,1237.1542096251571
30065,46.880478,-96.793994,26,1353.9508734295891
30065,46.881886,-96.794003,27,1511.1673353639999
30065,46.88258,-96.793973,28,1588.692258028918
30065,46.883865,-96.79394,29,1732.195479483834
30065,46.884284,-96.793946,30,1778.9825839350565
30065,46.884622,-96.793889,31,1816.9745406187958
30065,46.8847,-96.793873,32,1825.7696049638464
30065,46.885195,-96.79384,33,1881.0982006617023
30065,46.886113,-96.793878,34,1983.6418488354475
30065,46.886596,-96.793859,35,2037.5924473295422
30065,46.886742,-96.793785,36,2054.8507795387636
30065,46.886974,-96.793742,37,2080.96382747518
30065,46.88764,-96.79374,38,2155.328464080416
30065,46.888554,-96.793755,39,2257.3906788481563
30065,46.888915,-96.793752,40,2297.7000062177904
30065,46.890322,-96.793753,41,2454.8033573075722
30065,46.890388,-96.793838,42,2464.6340977527484
30065,46.890388,-96.794576,43,2521.1258239199346
30065,46.890421,-96.795012,44,2554.7030969007546
30065,46.890396,-96.795181,45,2567.9372776592663
30065,46.890401,-96.79651,46,2669.6696305064243
30065,46.890429,-96.797967,47,2781.24205015753
30065,46.89042,-96.798313,48,2807.746249289732
30065,46.89042,-96.799148,49,2871.6626642935803
30065,46.890422,-96.80005,50,2940.7079917769533
30065,46.890425,-96.801279,51,3034.7841472292466
30065,46.890431,-96.801984,52,3088.7534713942364
30065,46.890476,-96.802029,53,3094.845395012216
30065,46.891038,-96.802009,54,3157.615468080316
30065,46.891126,-96.801927,55,3169.2749877615315
30065,46.891235,-96.801946,56,3181.5322223451103
30065,46.891306,-96.80201,57,3190.8513967554036
30065,46.8914,-96.802031,58,3201.4695604380445
30065,46.891443,-96.802034,59,3206.276312491129
30065,46.891511,-96.802035,60,3213.8693944038464
30065,46.89154,-96.802038,61,3217.1155882510325
30065,46.89161,-96.802054,62,3225.026969076182
30065,46.891695,-96.80209,63,3234.9097802616975
30065,46.89175,-96.802128,64,3241.7049403348065
30065,46.891781,-96.802152,65,3245.623604534192
30065,46.891834,-96.8022,66,3252.5892333908873
30065,46.891905,-96.802285,67,3262.844928361211
30065,46.892128,-96.802474,68,3291.642100368911
30065,46.892173,-96.802547,69,3299.156666641501
30065,46.892235,-96.802605,70,3307.380650216538
30065,46.892289,-96.802645,71,3314.1429742368173
30065,46.892365,-96.802687,72,3323.217467773397
30065,46.892428,-96.802715,73,3330.5711208855637
30065,46.892481,-96.802732,74,3336.63032468516
30065,46.89254,-96.802749,75,3343.3453818026196
30065,46.892593,-96.802754,76,3349.275576001289
30065,46.892822,-96.802758,77,3374.8469080121863
30065,46.893437,-96.802754,78,3443.5167689910522
30065,46.893939,-96.802729,79,3499.601337897777
30065,46.894136,-96.802748,80,3521.645828691848
30065,46.894752,-96.802753,81,3590.4277290631603
30065,46.894973,-96.802747,82,3615.1082433929514
30065,46.895337,-96.802721,83,3655.8001550629547
30065,46.895477,-96.802746,84,3671.5488400817735
30065,46.895584,-96.802749,85,3683.4983668621267
30065,46.896165,-96.80274,86,3748.3748576887488
30065,46.896388,-96.802736,87,3773.276295693253
30065,46.896802,-96.802709,88,3819.5485458663893
30065,46.89692,-96.802738,89,3832.9097441955246
30065,46.897498,-96.802722,90,3897.4592240049024
30065,46.897627,-96.802746,91,3911.9796550342508
30065,46.897774,-96.802761,92,3928.4333635398657
30065,46.898931,-96.802734,93,4057.6372691320717
30065,46.899434,-96.802738,94,4113.80167525242
30065,46.899731,-96.80274,95,4146.96421684466
30065,46.900017,-96.802742,96,4178.898542705987
30065,46.900859,-96.802718,97,4272.931846163095
30065,46.901026,-96.802692,98,4291.684465686684
30065,46.901038,-96.802707,99,4293.448869138087
30065,46.901078,-96.802676,100,4298.506170493191
30065,46.90111,-96.802605,101,4305.0093693361605
30065,46.901122,-96.802311,102,4327.5493158651825
30065,46.901122,-96.800405,103,4473.417394057663
30065,46.901089,-96.799236,104,4562.958163028273
30065,46.901082,-96.798139,105,4646.916622429824
30065,46.901053,-96.798092,106,4651.75639102556
30065,46.900867,-96.798102,107,4672.538838528323
30065,46.900238,-96.798092,108,4742.775766345797
30065,46.899699,-96.798077,109,4802.970271157606
30065,46.899541,-96.79811,110,4820.792068903222
30065,46.898867,-96.798099,111,4896.054136673994
30065,46.897543,-96.79811,112,5043.891465372278
30065,46.89739,-96.798106,113,5060.977852173996
30065,46.897083,-96.798129,114,5095.301967764092
30065,46.895159,-96.798129,115,5310.131577140232
30065,46.894459,-96.798154,116,5388.315456818525
30065,46.89285,-96.798142,117,5567.975204793762
30065,46.892777,-96.798208,118,5577.564799398415
30065,46.892747,-96.799055,119,5642.483410477384
30065,46.892693,-96.799185,120,5654.11827074243
30065,46.892569,-96.799251,121,5668.85667562265
30065,46.892427,-96.799154,122,5686.364385528146
30065,46.892396,-96.798935,123,5703.481098162984
30065,46.892372,-96.798188,124,5760.722078338002
30065,46.892342,-96.798149,125,5765.2089706160405
30065,46.89169,-96.79815,126,5838.0098968107595
30065,46.890996,-96.798159,127,5915.503472382651
30065,46.8904,-96.798169,128,5982.055922962453
30065,46.890348,-96.79804,129,5993.51097975491
30065,46.890362,-96.796062,130,6144.928714504966
30065,46.890345,-96.795492,131,6188.601754452465
30065,46.890364,-96.795357,132,6199.151120248863
30065,46.890362,-96.79523,133,6208.875153018461
30065,46.890359,-96.794576,134,6258.938032502864
30065,46.890354,-96.793849,135,6314.590573998418
30065,46.890439,-96.793734,136,6327.53544340682
30065,46.8907,-96.793724,137,6356.688330927448
30065,46.892769,-96.793701,138,6587.716223679646
30065,46.895054,-96.793631,139,6842.911881542768
30065,46.895176,-96.793655,140,6856.657503921404
30065,46.897579,-96.793625,141,7124.98242834464
30065,46.899327,-96.793552,142,7320.24124583633
30065,46.899762,-96.793566,143,7368.824464103209
30065,46.901127,-96.793549,144,7521.243724699809
30065,46.901369,-96.793494,145,7548.5909374590965
30065,46.902127,-96.793522,146,7633.255126756856
30065,46.903131,-96.793461,147,7745.457318715411
30065,46.903865,-96.793474,148,7827.42062525466
30065,46.904719,-96.793411,149,7922.898706947224
30065,46.904762,-96.793376,150,7928.396576510352
30065,46.90477,-96.793141,151,7946.402470906844
30065,46.904771,-96.792237,152,8015.582541219351
30065,46.904788,-96.791045,153,8106.822004873221
30065,46.90478,-96.790396,154,8156.495854492728
30065,46.904782,-96.790109,155,8178.460161031769
30065,46.904781,-96.789856,156,8197.821751372827
30065,46.904804,-96.78886,157,8274.085689603175
30065,46.904804,-96.788658,158,8289.544109122175
30065,46.904805,-96.78844,159,8306.227335503612
30065,46.904823,-96.787552,160,8374.212923022007
30065,46.90491,-96.787387,161,8390.144274608607
30065,46.905609,-96.787399,162,8468.19945325933
30065,46.9063,-96.78739,163,8545.35902965759
30065,46.906445,-96.787399,164,8561.564254613035
30065,46.90736,-96.787378,165,8663.74505415968
30065,46.908222,-96.787355,166,8760.011371437793
30065,46.909034,-96.787373,167,8850.689100161828
30065,46.910004,-96.787352,168,8959.010439568425
30065,46.910501,-96.787341,169,9014.511443449643
30065,46.910703,-96.787335,170,9037.071273591002
30065,46.911052,-96.787345,171,9076.047845250408
30065,46.911273,-96.78734,172,9100.727493479868
30065,46.911592,-96.787336,173,9136.348092473472
30065,46.911753,-96.787336,174,9154.325223299536
30065,46.912067,-96.787336,175,9189.386211327785
30065,46.912675,-96.787316,176,9257.2922498251
30065,46.912819,-96.78733,177,9273.406818519687
30065,46.913626,-96.787312,178,9363.526316705464
30065,46.913818,-96.787313,179,9384.965019565694
30065,46.914383,-96.787305,180,9448.055436909493
30065,46.914795,-96.78731,181,9494.060617878904
30065,46.915415,-96.787293,182,9563.301540148661
30065,46.915668,-96.787331,183,9591.70053856882
30065,46.916463,-96.7873,184,9680.501281934063
30065,46.917319,-96.787304,185,9776.082046386628
30065,46.917574,-96.787294,186,9804.565419513956
30065,46.91844,-96.787275,187,9901.27321325416
30065,46.918847,-96.787278,188,9946.719087870777
30065,46.91919,-96.787265,189,9985.031106096569
30065,46.919291,-96.787286,190,9996.422552771084
30065,46.919344,-96.787399,191,10006.899254407534
30065,46.919338,-96.78798,192,10051.354308935322
30065,46.919319,-96.788589,193,10097.994738102529
30065,46.919329,-96.789757,194,10187.360636256568
30065,46.919318,-96.790958,195,10279.252336964915
30065,46.919314,-96.792293,196,10381.388448920512
30065,46.919299,-96.793588,197,10480.477377468607
30065,46.919294,-96.794437,198,10545.432975699221
30065,46.919481,-96.794598,199,10569.67541306147
30065,46.919507,-96.795101,200,10608.266867685752
30066,46.858567,-96.844942,0,0
30066,46.85837,-96.845494,1,47.656291365367565
30066,46.858233,-96.845643,2,66.74039133045262
30066,46.858193,-96.845647,3,71.21695224514123
30066,46.858159,-96.845648,4,75.01388075311347
30066,46.857979,-96.845652,5,95.11351194128325
30066,46.857826,-96.845655,6,112.19775891568719
30066,46.857822,-96.845435,7,129.05331038776097
30066,46.857821,-96.845173,8,149.12000958368205
30066,46.85782,-96.84503,9,160.07284698007632
30066,46.857818,-96.844722,10,183.66341166590192
30066,46.857921,-96.844566,11,200.24671522429298
30066,46.857929,-96.844554,12,201.52832433005608
30066,46.858062,-96.844347,13,223.25068108370553
30066,46.858072,-96.84433,14,224.96586351775414
30066,46.858103,-96.84428,15,230.12770700908865
30066,46.858122,-96.844251,16,233.19910190022017
30066,46.858149,-96.844207,17,237.72061912876435
30066,46.858173,-96.844174,18,241.40415142342775
30066,46.858209,-96.844118,19,247.28219675851116
30066,46.858237,-96.844068,20,252.22568347476079
30066,46.858262,-96.844015,21,257.1519881618319
30066,46.858284,-96.843974,22,261.1387260473418
30066,46.8583,-96.843943,23,264.1099876017249
30066,46.858338,-96.843864,24,271.49982699299574
30066,46.858378,-96.843761,25,280.5649413242279
30066,46.858382,-96.843748,26,281.6561704313086
30066,46.858401,-96.843679,27,287.35067761409584
30066,46.85859,-96.842189,28,403.40224860911337
30066,46.858558,-96.84211,29,410.4288977586225
30066,46.857777,-96.842014,30,497.9386235643087
30066,46.857098,-96.841926,31,574.0494271994506
30066,46.856857,-96.8419,32,601.0311762383268
30066,46.856521,-96.841874,33,638.5991090099815
30066,46.855654,-96.841753,34,735.8441372725196
30066,46.855107,-96.841708,35,797.0150455008628
30066,46.855069,-96.84173,36,801.5801979220298
30066,46.855052,-96.84198,37,820.8224268414768
30066,46.855054,-96.843232,38,916.7177279880929
30066,46.855041,-96.844362,39,1003.2804233848328
30066,46.855041,-96.846695,40,1181.9724541115188
30066,46.855067,-96.846888,41,1197.037263440084
30066,46.855041,-96.847181,42,1219.6660130514863
30066,46.855041,-96.84876,43,1340.6063975711452
30066,46.855071,-96.850365,44,1463.5835633052784
30066,46.855042,-96.850897,45,1504.459356623489
30066,46.854994,-96.851088,46,1520.0393331620153
30066,46.854603,-96.851172,47,1564.1664015028095
30066,46.85438,-96.851142,48,1589.1703651556977
30066,46.853553,-96.851157,49,1681.5128361313132
30066,46.852986,-96.851168,50,1744.8245220423023
30066,46.852277,-96.851207,51,1824.041376176533
30066,46.851655,-96.851209,52,1893.4884224031464
30066,46.851329,-96.851215,53,1929.889526226798
30066,46.850424,-96.851276,54,2031.041588592944
30066,46.850173,-96.85128,55,2059.0676442834792
30066,46.849925,-96.851334,56,2087.064324979255
30066,46.849691,-96.851291,57,2113.3974500469644
30066,46.847861,-96.851277,58,2317.721446252344
30066,46.846877,-96.851293,59,2427.592787361019
30066,46.846334,-96.851311,60,2488.23491407566
30066,46.843522,-96.851409,61,2802.2870207816504
30066,46.843313,-96.851351,62,2826.041334051423
30066,46.842889,-96.851353,63,2873.3815685274076
30066,46.842676,-96.851374,64,2897.2175681123335
30066,46.842339,-96.851359,65,2934.8614691238354
30066,46.839949,-96.851344,66,3201.7096236986126
30066,46.838629,-96.851382,67,3349.1175798300333
30066,46.838446,-96.851415,68,3369.7055343508277
30066,46.838272,-96.851374,69,3389.385117881889
30066,46.836686,-96.851449,70,3566.5566660328336
30066,46.836593,-96.851567,71,3580.32468890323
30066,46.836615,-96.852298,72,3636.3871112642755
30066,46.836676,-96.857913,73,4066.6555291195828
30066,46.836409,-96.859283,74,4175.774037973814
30066,46.836418,-96.860432,75,4263.814660904268
30066,46.836378,-96.861749,76,4364.820156931117
30066,46.836284,-96.86214,77,4396.563206030402
30066,46.833017,-96.862098,78,4761.336381863151
30066,46.832719,-96.861964,79,4796.1561973937405
30066,46.832661,-96.86162,80,4823.298614408593
30066,46.832634,-96.856433,81,5220.7596653093915
30066,46.832629,-96.849939,82,5718.360919821605
30066,46.832617,-96.849196,83,5775.309099052478
30066,46.832539,-96.846285,84,5998.535241374221
30066,46.832525,-96.846153,85,6008.769876360532
30066,46.832529,-96.844417,86,6141.792622980353
30066,46.832524,-96.843484,87,6213.286574859029
30066,46.83253,-96.842938,88,6255.129602220772
30066,46.832557,-96.842338,89,6301.203801546966
30066,46.832564,-96.841391,90,6373.772672019954
30066,46.832584,-96.840294,91,6457.860942396966
30066,46.832592,-96.839854,92,6491.588190575374
30066,46.832593,-96.839793,93,6496.26370786318
30066,46.832608,-96.839321,94,6532.469925768985
30066,46.832611,-96.83784,95,6645.953604277009
30066,46.832611,-96.8375,96,6672.006489066965
30066,46.832596,-96.836844,97,6722.301160305375
30066,46.832579,-96.83611,98,6778.576862930033
30066,46.832573,-96.835913,99,6793.687107687732
30066,46.832564,-96.835463,100,6828.183612907345
30066,46.832539,-96.834826,101,6877.074404249221
30066,46.832519,-96.832984,102,7018.238237034204
30066,46.832514,-96.831593,103,7124.827503928024
30066,46.832492,-96.830784,104,7186.8672846336785
30066,46.832481,-96.830627,105,7198.960243392779
30066,46.832393,-96.830583,106,7209.348140186209
30066,46.831683,-96.830513,107,7288.803468792483
30066,46.83159,-96.830386,108,7303.034791363117
30066,46.831743,-96.829265,109,7390.617171305181
30066,46.831991,-96.827769,110,7508.549547529039
30066,46.831931,-96.826645,111,7594.9395593897025
30066,46.831957,-96.825668,112,7669.86149069828
30066,46.83222,-96.825627,113,7699.394146835856
30066,46.83244,-96.825655,114,7724.051608157845
30066,46.832487,-96.825574,115,7732.179554078909
30066,46.832482,-96.82378,116,7869.650371687812
30066,46.832469,-96.823449,117,7895.055599765294
30066,46.832462,-96.823117,118,7920.507973772532
30066,46.832456,-96.819966,119,8161.963063095151
30066,46.832446,-96.819113,120,8227.336264315385
30066,46.832452,-96.818179,121,8298.910008472161
30066,46.832482,-96.817256,122,8369.717036588903
30066,46.83248,-96.816362,123,8438.222992528052
30066,46.832494,-96.815455,124,8507.742392580558
30066,46.832506,-96.814791,125,8558.641223759263
30066,46.832526,-96.813244,126,8677.206356281285
30066,46.832515,-96.813003,127,8695.714610442956
30066,46.832529,-96.812758,128,8714.553551301968
30066,46.832556,-96.810424,129,8893.430009163501
30066,46.832567,-96.809036,130,8999.797730371354
30066,46.832569,-96.808726,131,9023.553696358722
30066,46.832581,-96.807293,132,9133.370984424171
30066,46.832576,-96.805472,133,9272.913456994695
30066,46.832626,-96.80356,134,9419.534633312067
30066,46.832627,-96.802389,135,9509.267503814925
30066,46.832578,-96.802088,136,9532.972941521908
30066,46.83261,-96.801741,137,9559.802311423902
30066,46.83264,-96.799375,138,9741.13847256697
30066,46.832641,-96.799115,139,9761.062460722802
30066,46.832781,-96.799072,140,9777.03804686549
30066,46.833086,-96.798992,141,9811.641009866627
30066,46.833532,-96.798897,142,9861.969621321261
30066,46.834369,-96.798828,143,9955.576591041765
30066,46.834691,-96.798758,144,9991.928296843409
30066,46.834903,-96.798774,145,10015.631468332498
30066,46.835372,-96.798745,146,10068.046079039917
30066,46.837554,-96.798703,147,10311.704551570892
30066,46.839124,-96.798669,148,10487.026587276321
30066,46.839151,-96.798853,149,10501.44344795682
30066,46.839152,-96.800991,150,10665.257291659842
30066,46.839149,-96.801725,151,10721.497360341256
30066,46.839144,-96.801927,152,10736.984656441104
30066,46.83913,-96.80222,153,10759.488658074393
30066,46.83911,-96.803019,154,10820.74868977025
30066,46.83912,-96.803976,155,10894.08238471899
30066,46.839051,-96.80442,156,10928.963081095942
30066,46.839001,-96.804667,157,10948.694478127587
30066,46.838936,-96.80488,158,10966.555559131806
30066,46.838847,-96.804979,159,10979.057211831137
30066,46.838782,-96.805151,160,10994.102190823247
30066,46.838693,-96.805354,161,11012.55963442028
30066,46.838572,-96.805881,162,11055.138861891231
30066,46.838546,-96.807519,163,11180.676581716507
30066,46.838561,-96.80788,164,11208.387162867632
30066,46.838549,-96.808075,165,11223.388070457453
30066,46.838528,-96.809429,166,11327.158323012845
30066,46.838386,-96.810457,167,11407.503852023154
30066,46.838419,-96.810542,168,11414.986646674428
30066,46.840487,-96.81052,169,11645.897849528947
30066,46.840805,-96.810482,170,11681.523691864797
30066,46.841074,-96.810555,171,11712.075522457913
30066,46.841563,-96.810645,172,11767.109098286453
30066,46.842406,-96.811083,173,11867.038230341586
30066,46.842546,-96.811165,174,11883.8852853695
30066,46.84269,-96.811199,175,11900.173409843592
30066,46.84279,-96.81121,176,11911.370781658821
30066,46.842894,-96.810903,177,11937.601590971883
30066,46.843277,-96.809893,178,12026.012005048107
30066,46.843331,-96.809583,179,12050.515518380123
30066,46.843352,-96.809217,180,12078.65383550982
30066,46.843353,-96.808381,181,12142.702644492949
30066,46.843347,-96.807713,182,12193.884755175155
30066,46.843358,-96.807157,183,12236.49951629284
30066,46.84336,-96.80676,184,12266.915874364253
30066,46.843378,-96.806534,185,12284.346772411363
30066,46.843372,-96.805161,186,12389.53927269714
30066,46.84339,-96.804271,187,12457.75500436797
30066,46.84336,-96.803918,188,12485.00628909384
30066,46.843398,-96.803785,189,12496.044005044087
30066,46.843424,-96.803491,190,12518.7547367575
30066,46.843425,-96.801555,191,12667.07899688281
30066,46.843429,-96.800502,192,12747.754647841744
30066,46.843475,-96.799872,193,12796.293930826865
30066,46.843621,-96.798911,194,12871.70301959824
30066,46.84371,-96.798693,195,12891.137643726217
30066,46.843856,-96.798575,196,12909.778597783414
30066,46.844101,-96.798559,197,12937.162201743015
30066,46.844216,-96.798559,198,12950.002845455514
30066,46.844746,-96.798552,199,13009.18389437694
30066,46.845177,-96.798546,200,13057.310589512257
30066,46.845475,-96.798522,201,13090.63536864165
30066,46.845718,-96.798529,202,13117.773507181515
30066,46.84833,-96.798566,203,13409.437380217809
30066,46.850267,-96.798456,204,13625.882584988769
30066,46.852735,-96.798457,205,13901.453999274703
30066,46.853126,-96.7984,206,13945.329981299195
30066,46.853523,-96.798362,207,13989.75358948361
30066,46.8543,-96.798362,208,14076.51169398429
30066,46.855009,-96.798375,209,14155.683330128439
30066,46.857055,-96.798417,210,14384.157811434194
30066,46.857663,-96.798332,211,14452.357213227202
30066,46.85802,-96.798327,212,14492.220885437828
30066,46.85844,-96.798335,213,14539.121161773948
30066,46.859499,-96.798351,214,14657.37311363606
30066,46.860285,-96.798363,215,14745.140948767188
30066,46.860903,-96.79835,216,14814.152645486065
30066,46.861219,-96.798348,217,14849.436839689937
30066,46.861488,-96.798176,218,14882.234575736984
30066,46.861496,-96.797649,219,14922.606452662823
30066,46.861507,-96.796732,220,14992.84863911918
30066,46.861548,-96.796054,221,15044.976923388138
30066,46.861563,-96.795131,222,15115.687799078156
30066,46.861533,-96.793585,223,15234.140932432969
30066,46.861504,-96.790539,224,15467.45260910115
30066,46.861545,-96.785734,225,15835.491471646874
30066,46.861835,-96.785656,226,15868.419158415627
30066,46.862394,-96.785765,227,15931.392576500019
30066,46.863316,-96.785762,228,16034.342827480592
30066,46.865371,-96.785744,229,16263.807098392852
30066,46.867484,-96.785715,230,16499.753931804873
30066,46.868507,-96.785664,231,16614.04828444104
30066,46.87082,-96.785518,232,16872.55847209026
30066,46.872022,-96.785236,233,17008.4992360785
30066,46.872061,-96.785113,234,17018.87585154973
30066,46.872139,-96.783294,235,17158.436377673293
30066,46.872257,-96.782252,236,17239.30725230957
30066,46.872996,-96.78086,237,17374.105479781603
30066,46.873665,-96.780534,238,17452.866616184045
30066,46.873902,-96.780449,239,17480.118703772965
30066,46.874077,-96.780616,240,17503.471474800383
30066,46.874263,-96.780956,241,17536.77504997722
30066,46.874914,-96.781426,242,17617.88666276347
30066,46.876901,-96.781593,243,17840.123212395447
30066,46.87697400082107,-96.78173734191132,244,17853.85593397645
30066,46.87695900331004,-96.78300594575502,245,17951.00405439055
30066,46.87691200503641,-96.78311049668122,246,17960.576026177914
30066,46.87503263152749,-96.78311022551728,247,18170.426438603638
30066,46.8749983160073,-96.78319022551727,248,18177.65172312665
30066,46.875101,-96.784816,249,18302.664174841644
30066,46.87506899397586,-96.78526122453692,250,18336.941762600625
30066,46.87494548472888,-96.78552306745912,251,18361.276209339518
30066,46.875053,-96.785707,252,18379.782233943282
30067,46.875053,-96.785707,0,0
30067,46.875109189708546,-96.78544073247149,1,21.33160213919256
30067,46.87507533535176,-96.78513627116394,2,44.94864054630348
30067,46.875068,-96.784989,3,56.25488142668852
30067,46.875063,-96.7847905128975,4,71.46326911123724
30067,46.87502412677585,-96.78477122302648,5,76.0482577031819
30067,46.87465375110235,-96.78492142673132,6,118.97369277288351
30067,46.87318210185105,-96.78512691889593,7,284.04897032613195
30067,46.872076,-96.785323,8,408.4650509355737
30067,46.87195,-96.785349,9,422.67431640355466
30067,46.871685,-96.78541,10,452.6304946779575
30067,46.870922,-96.785578,11,538.7924705828166
30067,46.8708,-96.785612,12,552.6614951226156
30067,46.870589,-96.785603,13,576.2317161552315
30067,46.869864,-96.785653,14,657.2753085126851
30067,46.869788,-96.785658,15,665.7700593522774
30067,46.869544,-96.785721,16,693.4388037948482
30067,46.869329,-96.785692,17,717.5480795012545
30067,46.869041,-96.785712,18,749.7424474600958
30067,46.868823,-96.785723,19,774.0987747646984
30067,46.868599,-96.785728,20,799.1134181055199
30067,46.86795,-96.78578,21,871.6897159719077
30067,46.867701,-96.785803,22,899.5486475927669
30067,46.867516,-96.785769,23,920.3690902550796
30067,46.867062,-96.785774,24,971.0639160111701
30067,46.866548,-96.785782,25,1028.4601308367635
30067,46.866046,-96.785804,26,1084.538476755879
30067,46.865755,-96.785809,27,1117.0336249580757
30067,46.865639,-96.785838,28,1130.1751443498629
30067,46.865489,-96.785813,29,1147.0331314928958
30067,46.864972,-96.785813,30,1204.7610528391006
30067,46.864471,-96.78581,31,1260.702895477029
30067,46.863756,-96.785835,32,1340.5623371420252
30067,46.863518,-96.785873,33,1367.2961588347598
30067,46.86339,-96.785825,34,1382.0537652000285
30067,46.862369,-96.785836,35,1496.0611471706375
30067,46.861943,-96.785801,36,1543.7035328821294
30067,46.861711,-96.785712,37,1570.490316915443
30067,46.861632,-96.785729,38,1579.4069847764063
30067,46.861596,-96.785903,39,1593.3265442108473
30067,46.861607,-96.787746,40,1734.485520941427
30067,46.861606,-96.787885,41,1745.1319721643658
30067,46.861584,-96.788926,42,1824.898877614752
30067,46.861588,-96.789075,43,1836.3193584292706
30067,46.861592,-96.789624,44,1878.3690081063357
30067,46.86162,-96.790213,45,1923.5880071962426
30067,46.86159,-96.790575,46,1951.514755672828
30067,46.861603,-96.791291,47,2006.3714710971128
30067,46.861603,-96.792378,48,2089.623287084452
30067,46.861647,-96.79314,49,2148.190148850211
30067,46.861605,-96.793554,50,2180.2426936194315
30067,46.861623,-96.795955,51,2364.142257807035
30067,46.861642,-96.796364,52,2395.538581472912
30067,46.861601,-96.796787,53,2428.257229239549
30067,46.861595,-96.798438,54,2554.705953439983
30067,46.861534,-96.798504,55,2563.187848460674
30067,46.861384,-96.798496,56,2579.9477173793202
30067,46.860603,-96.798542,57,2667.2235720172507
30067,46.859736,-96.798582,58,2764.079316350474
30067,46.85938,-96.798561,59,2803.8620068337664
30067,46.858996,-96.798513,60,2846.895914029496
30067,46.858086,-96.798554,61,2948.552997318049
30067,46.857855,-96.798614,62,2974.7521457041557
30067,46.857481,-96.798584,63,3016.5753174680904
30067,46.856473,-96.798582,64,3129.126445616059
30067,46.855804,-96.79864,65,3203.9574751513005
30067,46.855425,-96.798586,66,3246.4774233757826
30067,46.855009,-96.798598,67,3292.936145712966
30067,46.854319,-96.798628,68,3370.014261439817
30067,46.85375,-96.798616,69,3433.5541748135715
30067,46.853452,-96.798611,70,3466.8303913103346
30067,46.853005,-96.798664,71,3516.906249996065
30067,46.852749,-96.798614,72,3545.7460871474614
30067,46.852057,-96.798639,73,3623.036983904952
30067,46.850663,-96.798634,74,3778.6883693362724
30067,46.849896,-96.798672,75,3864.3793258664014
30067,46.847463,-96.798729,76,4136.077723996328
30067,46.844074,-96.79879,77,4514.514675659024
30067,46.843794,-96.798892,78,4546.740681125072
30067,46.843652,-96.798949,79,4563.186474014732
30067,46.843553,-96.799409,80,4600.121771894565
30067,46.843531,-96.799648,81,4618.596520225001
30067,46.843502,-96.800027,82,4647.813163614801
30067,46.843473,-96.800453,83,4680.610905271574
30067,46.843482,-96.800813,84,4708.210189464401
30067,46.843505,-96.801094,85,4729.891298468958
30067,46.843493,-96.801376,86,4751.537886301343
30067,46.843463,-96.803299,87,4898.904085310038
30067,46.843469,-96.803522,88,4916.002050458608
30067,46.843445,-96.803758,89,4934.280367333318
30067,46.843429,-96.804314,90,4976.9149730712625
30067,46.843416,-96.805166,91,5042.205858069462
30067,46.843413,-96.807789,92,5243.163111395706
30067,46.843434,-96.808302,93,5282.5355948675815
30067,46.843397,-96.80859,94,5304.983637404128
30067,46.843404,-96.809132,95,5346.515356190023
30067,46.843398,-96.809507,96,5375.253106845499
30067,46.843349,-96.809728,97,5393.0466388304085
30067,46.843316,-96.809925,98,5408.582709676892
30067,46.843283,-96.810087,99,5421.529456759186
30067,46.843156,-96.810389,100,5448.666400101463
30067,46.843042,-96.810721,101,5477.109262853236
30067,46.842951,-96.810973,102,5498.926368599678
30067,46.842845,-96.811285,103,5525.599517466713
30067,46.842736,-96.811368,104,5539.33114953947
30067,46.842671,-96.811327,105,5547.239399124196
30067,46.841731,-96.81076,106,5660.830804263361
30067,46.841581,-96.810736,107,5677.679867079075
30067,46.841314,-96.810653,108,5708.162744524671
30067,46.841021,-96.810641,109,5740.890926865012
30067,46.840862,-96.810591,110,5759.0528705694
30067,46.840016,-96.810592,111,5853.514051602184
30067,46.838637,-96.810616,112,6007.498937585939
30067,46.838493,-96.810679,113,6024.286386281174
30067,46.838344,-96.810633,114,6041.292401151207
30067,46.83837,-96.810191,115,6075.282781200159
30067,46.838372,-96.809919,116,6096.124707126205
30067,46.838479,-96.809278,117,6146.670554127578
30067,46.838468,-96.80909,118,6161.127430747741
30067,46.838488,-96.808729,119,6188.877350688593
30067,46.838507,-96.808426,120,6212.190024008554
30067,46.838503,-96.807297,121,6298.695532806896
30067,46.838518,-96.806645,122,6348.680104367009
30067,46.83853,-96.806283,123,6376.449044396048
30067,46.838541,-96.805934,124,6403.2177720310665
30067,46.838544,-96.805824,125,6411.652676089283
30067,46.838555,-96.805755,126,6417.080282483724
30067,46.83857,-96.805672,127,6423.656628717174
30067,46.838603,-96.805556,128,6433.278105740323
30067,46.838644,-96.805414,129,6445.082083406784
30067,46.838722,-96.805208,130,6463.10924693612
30067,46.838752,-96.805133,131,6469.760788785166
30067,46.838759,-96.805033,132,6477.4625729888585
30067,46.838812,-96.804891,133,6489.847903961115
30067,46.838944,-96.80461,134,6515.939687055087
30067,46.839073,-96.804068,135,6559.894697140156
30067,46.839063,-96.803736,136,6585.356990572818
30067,46.839071,-96.803088,137,6635.014736074983
30067,46.839107,-96.80233,138,6693.23159938662
30067,46.839049,-96.80193,139,6724.556360299276
30067,46.839109,-96.801766,140,6738.796409877788
30067,46.839104,-96.801349,141,6770.751840950986
30067,46.83911,-96.800991,142,6798.190005063335
30067,46.839126,-96.799974,143,6876.133136763982
30067,46.839129,-96.799793,144,6890.005429286067
30067,46.83913,-96.799743,145,6893.838064124691
30067,46.83914,-96.799399,146,6920.219042770252
30067,46.839146,-96.799183,147,6936.78255664896
30067,46.839072,-96.799025,148,6951.439532334257
30067,46.839033,-96.798936,149,6959.530553022958
30067,46.837704,-96.79896,150,7107.935061304324
30067,46.836995,-96.798948,151,7187.105726628053
30067,46.835267,-96.79895,152,7380.050335599306
30067,46.834941,-96.799065,153,7417.502190791009
30067,46.834604,-96.799049,154,7455.150807433801
30067,46.833906,-96.799071,155,7533.10611975695
30067,46.833414,-96.799154,156,7588.408654663664
30067,46.832783,-96.799333,157,7660.18742774958
30067,46.832722,-96.801395,158,7818.343691353769
30067,46.83275,-96.801686,159,7840.8608818600915
30067,46.832726,-96.801861,160,7854.536116314314
30067,46.832735,-96.803562,161,7984.886056717366
30067,46.832725,-96.805245,162,8113.857379908741
30067,46.832727,-96.806618,163,8219.06895850202
30067,46.832752,-96.807098,164,8255.956503253106
30067,46.832698,-96.80729,165,8271.856759768825
30067,46.832684,-96.808746,166,8383.439043381322
30067,46.832727,-96.810263,167,8499.783601046156
30067,46.832698,-96.8107,168,8533.426405565879
30067,46.832652,-96.811861,169,8622.54010979686
30067,46.832664,-96.812801,170,8694.583195933765
30067,46.83261,-96.815018,171,8864.574908325658
30067,46.832642,-96.815258,172,8883.309524059596
30067,46.832632,-96.815708,173,8917.810229565333
30067,46.832617,-96.816929,174,9011.388027153782
30067,46.832628,-96.817139,175,9027.52670122014
30067,46.832597,-96.817343,176,9043.537426474397
30067,46.8326,-96.818425,177,9126.449506404946
30067,46.832572,-96.819967,178,9244.650949288394
30067,46.832562,-96.820494,179,9285.04920640779
30067,46.832619,-96.822646,180,9450.07456260498
30067,46.832636,-96.823045,181,9480.70777061013
30067,46.832586,-96.823221,182,9495.30402295974
30067,46.832604,-96.82571,183,9686.040040808535
30067,46.832549,-96.825745,184,9692.741126517263
30067,46.832078,-96.825742,185,9745.330774982913
30067,46.831986,-96.825764,186,9755.740379214109
30067,46.831994,-96.826644,187,9823.1789745523
30067,46.83198,-96.827742,188,9907.330995172444
30067,46.831624,-96.830361,189,10111.918371656753
30067,46.831683,-96.830433,190,10120.511147635661
30067,46.832641,-96.83049,191,10227.564459411686
30067,46.832662,-96.830632,192,10238.695215687412
30067,46.832694,-96.831715,193,10321.758717853363
30067,46.832709,-96.832238,194,10361.869362705524
30067,46.832696,-96.83482,195,10559.723972756005
30067,46.832686,-96.835908,196,10643.100778976965
30067,46.832696,-96.836117,197,10659.154521438675
30067,46.832715,-96.837161,198,10739.180280383496
30067,46.83272,-96.83751,199,10765.92858381603
30067,46.832725,-96.837847,200,10791.75756984793
30067,46.832711,-96.839154,201,10891.919824586379
30067,46.832706,-96.839808,202,10942.036227175537
30067,46.832703,-96.839859,203,10945.958471964123
30067,46.832699,-96.840303,204,10979.983252996912
30067,46.832687,-96.840717,205,11011.734599400315
30067,46.832679,-96.84235,206,11136.867529937861
30067,46.832679,-96.842866,207,11176.406336660504
30067,46.832677,-96.84296,208,11183.612600765395
30067,46.832681,-96.843487,209,11223.996729743656
30067,46.832707,-96.844417,210,11295.317504704886
30067,46.832785,-96.845411,211,11371.979317285735
30067,46.832721,-96.845955,212,11414.271476053034
30067,46.832801,-96.85041,213,11755.752603241372
30067,46.832801,-96.854375,214,12059.568939353929
30067,46.832824,-96.85684,215,12248.465162944876
30067,46.832867,-96.860347,216,12517.228182252667
30067,46.832961,-96.861835,217,12631.72613140566
30067,46.833073,-96.86191,218,12645.488179129512
30067,46.834426,-96.861916,219,12796.550714940293
30067,46.836288,-96.861903,220,13004.444556725444
30067,46.836348,-96.861788,221,13015.513095001133
30067,46.836347,-96.860707,222,13098.337955810164
30067,46.836343,-96.859281,223,13207.597260170129
30067,46.836641,-96.8582,224,13296.855049734198
30067,46.836651,-96.856882,225,13397.84450216076
30067,46.836606,-96.854681,226,13566.55721064759
30067,46.83656,-96.853056,227,13691.168955205841
30067,46.836539,-96.851535,228,13807.730310030354
30067,46.836685,-96.851175,229,13839.769975655954
30067,46.837897,-96.851198,230,13975.102382022107
30067,46.838179,-96.851142,231,14006.878940205183
30067,46.838481,-96.851196,232,14040.850400349693
30067,46.839234,-96.851139,233,14125.036902117796
30067,46.839951,-96.851117,234,14205.10836956432
30067,46.843448,-96.851136,235,14595.554424191543
30067,46.843941,-96.851101,236,14650.663606301112
30067,46.844236,-96.851142,237,14683.75005880537
30067,46.846628,-96.851116,238,14950.826534175649
30067,46.847434,-96.851176,239,15040.93448958246
30067,46.848178,-96.851179,240,15124.003101653798
30067,46.849687,-96.851114,241,15292.557922421922
30067,46.850383,-96.851137,242,15370.286945067057
30067,46.851122,-96.851113,243,15452.81746656926
30067,46.851526,-96.850954,244,15499.539735265485
30067,46.851846,-96.851078,245,15536.508988054473
30067,46.852225,-96.851102,246,15578.864608205751
30067,46.853036,-96.851074,247,15669.438918820084
30067,46.853376,-96.851062,248,15707.41136626012
30067,46.854071,-96.851054,249,15785.011193781827
30067,46.85433,-96.851051,250,15813.929702143412
30067,46.85488,-96.850887,251,15876.609303468276
30067,46.854947,-96.850562,252,15902.601740164415
30067,46.85497,-96.849971,253,15947.940948994203
30067,46.855009,-96.848863,254,16032.917596684143
30067,46.855009,-96.848667,255,16047.929824508561
30067,46.855008,-96.848506,256,16060.261805477898
30067,46.855002,-96.847866,257,16109.28593881629
30067,46.85497,-96.847202,258,16160.269129339898
30067,46.855004,-96.847005,259,16175.828188791296
30067,46.855008,-96.846289,260,16230.670732464241
30067,46.854989,-96.844278,261,16384.71451392
30067,46.855016,-96.843366,262,16454.632757370877
30067,46.855021,-96.842662,263,16508.55746876677
30067,46.855026,-96.841991,264,16559.95477309281
30067,46.855013,-96.841678,265,16583.972469098997
30067,46.855097,-96.841591,266,16595.477496495594
30067,46.855638,-96.841667,267,16656.161157951876
30067,46.855896,-96.841703,268,16685.099080249132
30067,46.856292,-96.84175,269,16729.459636695916
30067,46.856843,-96.841816,270,16791.18730286174
30067,46.85699,-96.841832,271,16807.64585301295
30067,46.857189,-96.841862,272,16829.983120240842
30067,46.857809,-96.841956,273,16899.580813735993
30067,46.858629,-96.842069,274,16991.543692691426
30067,46.858665,-96.8421,275,16996.21201140372
30067,46.858459,-96.843524,276,17107.672843777476
30067,46.858623,-96.84381,277,17136.222569955335
30067,46.858619,-96.844247,278,17169.69460827255
30067,46.858583,-96.844555,279,17193.62378039469
30067,46.858572,-96.844726,280,17206.777831433352
30067,46.858568,-96.844812,281,17213.37954412991
30067,46.858564,-96.844886,282,17219.064643275145
30067,46.858567,-96.844942,283,17223.366644177764
30069,46.864003,-96.86431,0,0
30069,46.864081,-96.864192,1,12.549693500350514
30069,46.86411,-96.864001,2,27.530293492423347
30069,46.864108,-96.863952,3,31.289282480530886
30069,46.864092,-96.863209,4,88.21524391290481
30069,46.864062,-96.86205,5,177.03319696422918
30069,46.863993,-96.861991,6,185.9641831697139
30069,46.86327,-96.862017,7,266.7113440936071
30069,46.862794,-96.861985,8,319.9129889841651
30069,46.86247,-96.861984,9,356.08751825191115
30069,46.861944,-96.861997,10,414.8236092866654
30069,46.861157,-96.862028,11,502.7238536093708
30069,46.859378,-96.862027,12,701.3483758569998
30069,46.856477,-96.862024,13,1025.2437355306174
30069,46.85469,-96.861994,14,1224.7746754979746
30069,46.854602,-96.861886,15,1237.6183240902906
30069,46.85457,-96.85909,16,1451.8009382188166
30069,46.854605,-96.857921,17,1541.423084734356
30069,46.854802,-96.855683,18,1714.2429919338538
30069,46.854976,-96.8546,19,1799.437375037179
30069,46.854972,-96.853805,20,1860.3301031011952
30069,46.854937,-96.851238,21,2056.982506599342
30069,46.85497,-96.847202,22,2366.1339661470074
30069,46.85501,-96.841744,23,2784.2046411715105
30069,46.855084,-96.841576,24,2799.496573057208
30069,46.858629,-96.842037,25,3196.8751714866053
30069,46.858665,-96.84208,26,3202.071517562117
30069,46.858647,-96.842363,27,3223.838994942748
30069,46.858562,-96.842932,28,3268.4392077671805
30069,46.858466,-96.843517,29,3314.507731460545
30069,46.858493,-96.843625,30,3323.311506643868
30069,46.858576,-96.843699,31,3334.174301490117
30069,46.858563,-96.844795,32,3418.127615078507
30069,46.858567,-96.844942,33,3429.3949411108715
30069,46.858326,-96.845526,34,3481.592671335218
30069,46.858191,-96.845634,35,3498.786083180936
30069,46.857843,-96.845611,36,3537.680768167962
30069,46.857829,-96.845422,37,3552.240284961512
30069,46.857828,-96.844834,38,3597.2749170496795
30069,46.857839,-96.844727,39,3605.5614920791095
30069,46.857957,-96.844554,40,3624.246754130504
30069,46.858005,-96.844473,41,3632.444806579895
30069,46.858293,-96.843969,42,3682.6843609638945
30069,46.858395,-96.84367,43,3708.259897326405
30069,46.8586,-96.842186,44,3824.199035398321
30069,46.858537,-96.8421,45,3833.835514731311
30069,46.856521,-96.841874,46,4059.590748630608
30069,46.855155,-96.841655,47,4213.027198554753
30069,46.854992,-96.841569,48,4232.381883139827
30069,46.854817,-96.840527,49,4314.549626703456
30069,46.854392,-96.838984,50,4441.905204452299
30069,46.854278,-96.838261,51,4498.727249302895
30069,46.854309,-96.836238,52,4653.71768830344
30069,46.854352,-96.836133,53,4663.084217350811
30069,46.855508,-96.836109,54,4792.16803937127
30069,46.856859,-96.836083,55,4943.024231967617
30069,46.858692,-96.836078,56,5147.68433181901
30069,46.8595,-96.836083,57,5237.900676781084
30069,46.859846,-96.836086,58,5276.533258483831
30069,46.861348,-96.836051,59,5444.257316425239
30069,46.861469,-96.83598,60,5458.8205183382715
30069,46.861492,-96.833322,61,5662.399549822151
30069,46.861446,-96.832724,62,5708.4845485743135
30069,46.861483,-96.832278,63,5742.890456863942
30069,46.861481,-96.830744,64,5860.372428919289
30069,46.861459,-96.830378,65,5888.510088748283
30069,46.861474,-96.830104,66,5909.561210463511
30069,46.861456,-96.825319,67,6276.028835310339
30069,46.861419,-96.824866,68,6310.967338953791
30069,46.861468,-96.824369,69,6349.4217214881355
30069,46.86144,-96.822685,70,6478.430418786093
30069,46.861389,-96.822054,71,6527.090617993639
30069,46.86142,-96.821354,72,6580.812597323848
30069,46.861453,-96.81975,73,6703.7122402831965
30069,46.861454,-96.819586,74,6716.2728957944155
30069,46.861458,-96.817922,75,6843.713472429178
30069,46.861415,-96.817501,76,6876.311906877719
30069,46.861469,-96.817027,77,6913.111242739754
30069,46.861471,-96.816663,78,6940.989646708431
30069,46.86149,-96.816095,79,6984.542529035633
30069,46.861492,-96.815001,80,7068.328622022536
30069,46.861488,-96.814582,81,7100.421565224675
30069,46.861491,-96.8143,82,7122.021626488213
30069,46.86149,-96.814186,83,7130.753231898063
30069,46.86149,-96.814087,84,7138.335322880045
30069,46.861495,-96.813514,85,7182.223112516737
30069,46.861507,-96.812598,86,7252.389468599747
30069,46.861507,-96.811411,87,7343.298170365145
30069,46.861504,-96.810285,88,7429.5358377481525
30069,46.86154,-96.809562,89,7485.054022102607
30069,46.86152,-96.809201,90,7512.792019509495
30069,46.861548,-96.80885,91,7539.85530415573
30069,46.861544,-96.806523,92,7718.074447332243
30069,46.86153,-96.806233,93,7740.339735952432
30069,46.861541,-96.806031,94,7755.859074253138
30069,46.861545,-96.804493,95,7873.651485889747
30069,46.861547,-96.803679,96,7935.99418747976
30069,46.86154,-96.802952,97,7991.6789066559895
30069,46.861562,-96.80194,98,8069.224609985145
30069,46.861541,-96.801629,99,8093.15855021421
30069,46.861558,-96.801367,100,8113.314139600953
30069,46.861551,-96.800509,101,8179.03117427915
30069,46.861557,-96.800004,102,8217.71387807689
30069,46.861564,-96.796995,103,8448.16871324438
30069,46.861507,-96.796732,104,8469.293005614658
30069,46.861554,-96.79635,105,8499.016679884677
30069,46.861576,-96.795073,106,8596.85080248674
30069,46.861725,-96.794967,107,8615.36295963858
30069,46.862621,-96.794983,108,8715.416237413792
30069,46.863329,-96.794971,109,8794.47560519569
30069,46.863497,-96.794942,110,8813.365211037953
30069,46.863743,-96.794947,111,8840.835805283832
30069,46.864704,-96.794945,112,8948.139475574339
30069,46.865746,-96.794922,113,9064.500686897623
30069,46.866494,-96.794922,114,9148.021046046933
30069,46.866662,-96.794878,115,9167.079862459304
30069,46.866831,-96.794882,116,9185.952591040184
30069,46.867775,-96.794891,117,9291.36022117439
30069,46.868752,-96.794884,118,9400.451636270964
30069,46.869499,-96.794785,119,9484.204169633522
30069,46.870234,-96.794654,120,9566.883808027129
30069,46.870425,-96.794619,121,9588.378286670373
30069,46.870647,-96.794624,122,9613.169379621111
30069,46.871083,-96.794569,123,9662.034224165125
30069,46.871948,-96.794448,124,9759.062047435053
30069,46.872073,-96.794404,125,9773.420235916354
30069,46.872386,-96.794408,126,9808.370625393858
30069,46.872624,-96.794363,127,9835.167765732795
30069,46.873183,-96.794289,128,9897.841433121308
30069,46.873703,-96.79422,129,9956.14364724394
30069,46.874644,-96.794088,130,10061.699152973804
30069,46.874737,-96.794075,131,10072.13097789369
30069,46.875214,-96.79406,132,10125.404388763207
30069,46.875351,-96.794056,133,10140.704647366088
30069,46.875864,-96.794015,134,10198.071339181273
30069,46.875898,-96.793944,135,10204.702034866119
30069,46.875911,-96.793435,136,10243.702120438886
30069,46.875894,-96.793208,137,10261.186387633308
30069,46.875884,-96.792535,138,10312.728747164787
30069,46.875913,-96.791685,139,10377.892096458329
30069,46.875927,-96.790833,140,10443.14684345917
30069,46.875896,-96.790469,141,10471.231779268639
30069,46.875923,-96.790176,142,10493.867921348603
30069,46.875911,-96.788676,143,10608.728137599237
30069,46.875904,-96.787928,144,10666.006619870948
30069,46.875922,-96.787709,145,10682.895124417255
30069,46.875892,-96.78696,146,10740.342653474298
30069,46.875894,-96.786687,147,10761.24705618562
30069,46.875897,-96.785969,148,10816.22431350432
30069,46.875875,-96.78559,149,10845.347613468191
30069,46.875874,-96.784805,150,10905.454151533844
30069,46.87588700735464,-96.78317350527954,151,11030.384196492665
30069,46.87584869845518,-96.78311986109924,152,11036.314533765077
30069,46.87503230786282,-96.78311676784516,153,11127.472825614688
30069,46.87499165251308,-96.78321631877137,154,11136.34481007662
30069,46.875096,-96.784855,155,11262.358445936032
30069,46.87512,-96.785033,156,11276.248832383917
30069,46.874916309747334,-96.7853391607132,157,11308.91146881326
30069,46.874916292958126,-96.7856208256244,158,11330.478567226537
30069,46.875053,-96.785707,159,11347.10828200069
30070,46.875053,-96.785707,0,0
30070,46.875103354945765,-96.785480609787,1,18.223721074231126
30070,46.875061,-96.785071,2,49.942038873683614
30070,46.875043,-96.78484,3,67.7435138369079
30070,46.875105,-96.784668,4,82.62222075148695
30070,46.875339,-96.784599,5,109.27936758599986
30070,46.876911,-96.784607,6,284.80928666128244
30070,46.876957,-96.784695,7,293.2816835374055
30070,46.876995,-96.786221,8,410.20009678148494
30070,46.876995,-96.787651,9,519.6908230098229
30070,46.877002,-96.789291,10,645.2628062092198
30070,46.876988,-96.789566,11,666.3766024533409
30070,46.876985,-96.789938,12,694.8613852648494
30070,46.877142,-96.791332,13,803.0251619119894
30070,46.877298,-96.792355,14,883.2658202834963
30070,46.87738,-96.792621,15,905.595809608189
30070,46.877394,-96.79305,16,938.4797365108246
30070,46.877439,-96.793659,17,985.3782280868513
30070,46.877413,-96.794352,18,1038.5176126523647
30070,46.877415,-96.795455,19,1122.9697951880094
30070,46.877426,-96.796621,20,1212.2536365497517
30070,46.87745,-96.796899,21,1233.7068541704284
30070,46.877436,-96.797151,22,1253.0645550974652
30070,46.877399,-96.798183,23,1332.187953264963
30070,46.877365,-96.798252,24,1338.6935350463848
30070,46.876074,-96.798295,25,1482.8813380121264
30070,46.875952,-96.798295,26,1496.503588356068
30070,46.875476,-96.798285,27,1549.6582116095246
30070,46.875,-96.798263,28,1602.8340086300127
30070,46.874531,-96.798311,29,1655.3303271182374
30070,46.87411,-96.798356,30,1702.4643668177116
30070,46.873786,-96.798319,31,1738.7522525014797
30070,46.87349,-96.798265,32,1772.0605986282376
30070,46.873438,-96.798265,33,1777.8668039622057
30070,46.873399,-96.798265,34,1782.2214579635383
30070,46.872899,-96.798284,35,1838.0693078835104
30070,46.872237,-96.798318,36,1912.0325994709906
30070,46.871997,-96.798354,37,1938.9718784431284
30070,46.871853,-96.798326,38,1955.1929210619173
30070,46.870791,-96.798318,39,2073.7750748391436
30070,46.870272,-96.798349,40,2131.7740659701567
30070,46.869658,-96.798364,41,2200.3415674702815
30070,46.869136,-96.798348,42,2258.639807777372
30070,46.868925,-96.7984,43,2282.5337465965067
30070,46.868791,-96.798371,44,2297.6597985524745
30070,46.86787,-96.798325,45,2400.5569346074703
30070,46.867298,-96.798407,46,2464.733145267077
30070,46.86684,-96.798397,47,2515.878142191713
30070,46.865755,-96.798398,48,2637.026859067391
30070,46.865312,-96.798405,49,2686.4941609201746
30070,46.864861,-96.798467,50,2737.0751707392255
30070,46.864719,-96.798417,51,2753.3864061770073
30070,46.864182,-96.798424,52,2813.349030063172
30070,46.863673,-96.798424,53,2870.1828395785565
30070,46.862569,-96.798469,54,2993.501191756553
30070,46.861841,-96.798498,55,3074.8183871295423
30070,46.861723,-96.798547,56,3088.518035953322
30070,46.861648,-96.798608,57,3098.1073905798794
30070,46.861612,-96.799172,58,3141.4896150206614
30070,46.861611,-96.799898,59,3197.0925473277134
30070,46.861596,-96.800176,60,3218.449750012904
30070,46.861586,-96.800531,61,3245.661359242428
30070,46.861644,-96.801109,62,3290.4003039380796
30070,46.861589,-96.801442,63,3316.6329836349746
30070,46.861581,-96.802966,64,3433.3560659303166
30070,46.861578,-96.803787,65,3496.23538548504
30070,46.861587,-96.805556,66,3631.7223811109407
30070,46.861623,-96.805908,67,3658.979157143432
30070,46.861578,-96.806227,68,3683.921842697882
30070,46.861564,-96.807502,69,3781.5831744089833
30070,46.861589,-96.808514,70,3859.1396715615538
30070,46.861624,-96.808846,71,3884.8651519907075
30070,46.861581,-96.809164,72,3909.688581744776
30070,46.861581,-96.810285,73,3995.542654195001
30070,46.861574,-96.811406,74,4081.4001777888298
30070,46.861567,-96.813164,75,4216.042088516532
30070,46.8616,-96.813406,76,4234.938787516376
30070,46.861558,-96.813726,77,4259.89116915753
30070,46.861567,-96.814026,78,4282.889143379309
30070,46.861561,-96.814512,79,4320.116288415862
30070,46.861578,-96.814971,80,4355.3207513213865
30070,46.861582,-96.816055,81,4438.341746424254
30070,46.86157,-96.816642,82,4483.317958677465
30070,46.861607,-96.816996,83,4510.742495795501
30070,46.86158,-96.817309,84,4534.902848962406
30070,46.861596,-96.818744,85,4644.818694132925
30070,46.861614,-96.819128,86,4674.296382723682
30070,46.861575,-96.819589,87,4709.870127232046
30070,46.861575,-96.819759,88,4722.889774743804
30070,46.861574,-96.819995,89,4740.964449708612
30070,46.861613,-96.821565,90,4861.283352146228
30070,46.86162,-96.821833,91,4881.823254952086
30070,46.861584,-96.822021,92,4896.771959380287
30070,46.861621,-96.823883,93,5039.434603689966
30070,46.861659,-96.824325,94,5073.5503359316735
30070,46.861636,-96.824629,95,5096.973569578393
30070,46.861606,-96.826013,96,5203.020943937451
30070,46.861645,-96.829505,97,5470.49250130522
30070,46.861721,-96.82994,98,5504.870754336446
30070,46.861637,-96.83043,99,5543.551707723019
30070,46.861652,-96.832178,100,5677.432809532191
30070,46.861655,-96.83248,101,5700.563881397126
30070,46.861661,-96.835393,102,5923.656329741513
30070,46.861633,-96.836079,103,5976.286319167017
30070,46.86148,-96.836227,104,5996.7874630553915
30070,46.860054,-96.836232,105,6156.004911249202
30070,46.859412,-96.836152,106,6227.947432228435
30070,46.857016,-96.836206,107,6495.499685998858
30070,46.855734,-96.836228,108,6638.648582501188
30070,46.854425,-96.83624,109,6784.805076508011
30070,46.85433,-96.83636,110,6798.840416647274
30070,46.854356,-96.837905,111,6917.2152761465995
30070,46.854344,-96.838226,112,6941.838716906707
30070,46.854475,-96.838976,113,7001.117594407109
30070,46.854957,-96.840676,114,7142.010809417947
30070,46.855089,-96.841474,115,7204.884324492886
30070,46.855139,-96.841585,116,7215.055236247076
30070,46.858633,-96.84207,117,7606.932382725195
30070,46.858653,-96.842144,118,7613.02397391689
30070,46.858526,-96.843041,119,7683.171887439323
30070,46.858481,-96.843579,120,7724.681677420486
30070,46.858599,-96.843653,121,7739.023911407034
30070,46.858608,-96.844234,122,7783.533039655007
30070,46.858583,-96.844555,123,7808.2758151093385
30070,46.858586,-96.844693,124,7818.850297795325
30070,46.858584,-96.844768,125,7824.598753461981
30070,46.858577,-96.844836,126,7829.8650705735845
30070,46.858572,-96.844902,127,7834.950627401623
30070,46.858567,-96.844942,128,7838.064606179234
30070,46.858231,-96.845665,129,7904.949514518383
30070,46.858196,-96.84567,130,7908.876040386336
30070,46.858154,-96.845682,131,7913.654624031357
30070,46.857979,-96.845671,132,7933.211815943068
30070,46.857809,-96.845652,133,7952.248296280764
30070,46.857796,-96.845416,134,7970.381550151782
30070,46.857796,-96.845156,135,7990.294770123359
30070,46.857795,-96.844913,136,8008.906312377223
30070,46.857818,-96.844722,137,8023.7585655614075
30070,46.857921,-96.844566,138,8040.3418691197985
30070,46.857929,-96.844554,139,8041.6234782255615
30070,46.858102,-96.844251,140,8071.816851678761
30070,46.858148,-96.844166,141,8080.108968713812
30070,46.858184,-96.844122,142,8085.354195772676
30070,46.858209,-96.844078,143,8089.729995146838
30070,46.858243,-96.844014,144,8095.929781620063
30070,46.858279,-96.843957,145,8101.8639387795065
30070,46.858309,-96.843853,146,8110.504792799706
30070,46.858345,-96.843768,147,8118.155721499889
30070,46.858361,-96.843702,148,8123.516957186663
30070,46.858376,-96.843635,149,8128.91478461308
30070,46.858385,-96.843554,150,8135.199319633193
30070,46.858398,-96.843512,151,8138.728353093415
30070,46.858439,-96.84331,152,8154.862296978445
30070,46.858585,-96.842116,153,8247.750531435133
30070,46.858504,-96.842086,154,8257.081657390603
30070,46.857774,-96.841991,155,8338.91181551601
30070,46.856975,-96.841896,156,8428.418095145367
30070,46.856777,-96.841878,157,8450.568163052772
30070,46.856521,-96.841874,158,8479.152751641199
30070,46.85623,-96.841804,159,8512.082906576901
30070,46.855845,-96.841741,160,8555.338963128022
30070,46.855585,-96.841713,161,8584.447632905827
30070,46.855078,-96.841697,162,8641.068540850261
30070,46.855042,-96.841739,163,8646.21682541471
30070,46.855054,-96.841983,164,8664.953618610358
30070,46.855047,-96.842708,165,8720.489413248071
30070,46.855042,-96.843404,166,8773.80138131253
30070,46.85504,-96.844326,167,8844.420838691607
30070,46.855037,-96.846675,168,9024.338687340683
30070,46.855067,-96.846888,169,9040.993323923827
30070,46.855037,-96.847185,170,9063.986750881782
30070,46.855032,-96.84846,171,9161.644480482615
30070,46.855027,-96.848884,172,9194.124701019056
30070,46.855052,-96.850057,173,9284.01151370661
30070,46.855055,-96.85072,174,9334.793638810299
30070,46.855068,-96.850893,175,9348.123442704838
30070,46.85513,-96.850972,176,9357.317544340636
30070,46.855855,-96.850965,177,9438.266264575494
30070,46.856927,-96.85096,178,9557.95670500786
30070,46.85797,-96.850901,179,9674.49629858726
30070,46.858238,-96.850904,180,9704.419639637172
30070,46.85827,-96.850983,181,9711.446248348266
30070,46.85827,-96.851159,182,9724.925756278117
30070,46.858256,-96.852286,183,9811.254658407659
30070,46.858267,-96.852687,184,9841.990993404002
30070,46.858284,-96.853064,185,9870.926967737552
30070,46.858295,-96.853522,186,9906.025714523385
30070,46.858325,-96.853618,187,9914.105165754996
30070,46.85835,-96.853689,188,9920.217456698765
30070,46.859365,-96.853698,189,10033.544916640629
30070,46.859527,-96.853703,190,10051.636367517129
30070,46.859624,-96.853696,191,10062.479736773157
30070,46.860053,-96.853678,192,10110.397680023809
30070,46.860243,-96.853661,193,10131.651210273709
30070,46.860519,-96.853697,194,10162.589867950286
30070,46.860526,-96.853976,195,10183.971269741905
30070,46.860533,-96.854467,196,10221.582424589777
30070,46.860542,-96.854601,197,10231.89383310322
30070,46.860551,-96.85473,198,10241.824208382328
30070,46.860644,-96.855348,199,10290.279005211572
30070,46.860681,-96.855569,200,10307.700992601962
30070,46.860686,-96.855616,201,10311.343485515474
30070,46.860697,-96.855707,202,10318.420039850569
30070,46.860713,-96.856092,203,10347.959019645867
30070,46.860726,-96.856387,204,10370.59791702782
30070,46.860732,-96.856712,205,10395.496762012483
30070,46.860806,-96.856826,206,10407.516976074552
30070,46.861023,-96.856811,207,10431.77228789038
30070,46.861142,-96.85681,208,10445.058882509496
30070,46.861413,-96.856807,209,10475.316959261814
30070,46.861505,-96.856806,210,10485.589063265224
30070,46.861729,-96.856803,211,10510.5997636636
30070,46.861889,-96.856825,212,10528.543070051704
30070,46.861915,-96.856942,213,10537.961718885845
30070,46.861908,-96.858837,214,10683.08724512195
30070,46.861932,-96.859092,215,10702.798682585446
30070,46.861914,-96.859299,216,10718.778069030952
30070,46.861933,-96.8613,217,10872.033432761642
30070,46.861946,-96.861747,218,10906.296307031067
30070,46.861945,-96.862156,219,10937.618491488318
30070,46.861951,-96.863997,220,11078.60711827254
30070,46.862001,-96.864374,221,11108.013144386483
30070,46.862458,-96.864408,222,11159.103230580393
30070,46.862778,-96.864386,223,11194.87068239662
30070,46.863673,-96.864336,224,11294.870071296431
30070,46.864003,-96.86431,225,11331.768075620359
30071,46.890291,-96.829995,0,0
30071,46.89039,-96.82999,1,11.060336456306779
30071,46.890466,-96.82981,2,27.241712550404007
30071,46.890416,-96.828348,3,139.2880184143193
30071,46.890385,-96.828046,4,162.66200586009003
30071,46.890409,-96.827511,5,203.7006544210864
30071,46.890372,-96.826852,6,254.31211308456767
30071,46.89033,-96.826642,7,271.0564776618194
30071,46.890265,-96.826558,8,280.75250076450186
30071,46.890227,-96.82652,9,285.89665142099193
30071,46.890217,-96.826516,10,287.0544117237214
30071,46.890178,-96.826497,11,291.6453681042831
30071,46.89014,-96.826469,12,296.3988233031857
30071,46.8901,-96.826429,13,301.8137233914551
30071,46.890072,-96.82637,14,307.3063824347021
30071,46.890068,-96.826328,15,310.55213179900574
30071,46.890064,-96.826256,16,316.08141400918134
30071,46.890083,-96.826161,17,323.65628669015064
30071,46.890194,-96.825595,18,368.71837023640563
30071,46.890233,-96.825396,19,384.56092581512655
30071,46.890228,-96.824867,20,425.05682811183203
30071,46.89023,-96.824133,21,481.24099640454097
30071,46.890232,-96.823414,22,536.277049589322
30071,46.890222,-96.822895,23,576.0194397131256
30071,46.890231,-96.822694,24,591.4377141913378
30071,46.890205,-96.822054,25,640.5123186889957
30071,46.89019,-96.821939,26,649.4728884698403
30071,46.890151,-96.821842,27,658.0804689628743
30071,46.889959,-96.821364,28,700.4868103242022
30071,46.88993,-96.821191,29,714.119270268378
30071,46.889668,-96.820489,30,775.3011087805497
30071,46.889512,-96.820103,31,809.599804549965
30071,46.889381,-96.819957,32,828.0074180767793
30071,46.889209,-96.819835,33,849.3622592339952
30071,46.889114,-96.819812,34,860.1145984887007
30071,46.888965,-96.819805,35,876.759818183823
30071,46.888811,-96.819806,36,893.9548566176428
30071,46.888474,-96.819779,37,931.6393060754939
30071,46.887438,-96.819758,38,1047.325047481659
30071,46.887,-96.8198,39,1096.335501322951
30071,46.886852,-96.81971,40,1114.239090810443
30071,46.885456,-96.8197,41,1270.1113526440395
30071,46.88526,-96.819736,42,1292.1685718805347
30071,46.884951,-96.819645,43,1327.3662308387138
30071,46.88474,-96.819649,44,1350.927427756237
30071,46.883317,-96.819587,45,1509.8833896370547
30071,46.883184,-96.819475,46,1527.0310521402382
30071,46.883201,-96.818134,47,1629.709117667881
30071,46.883201,-96.818064,48,1635.067985003861
30071,46.883198,-96.817364,49,1688.6577307523721
30071,46.883167,-96.816944,50,1720.996750887377
30071,46.883196,-96.81666,51,1742.9782784460476
30071,46.88319,-96.815203,52,1854.5215841084503
30071,46.88319,-96.815032,53,1867.6125795644182
30071,46.883191,-96.814477,54,1910.10106240949
30071,46.883173,-96.813897,55,1954.548786071051
30071,46.883189,-96.813647,56,1973.7708993584595
30071,46.883194,-96.813007,57,2022.7697191525142
30071,46.883194,-96.812645,58,2050.482892461678
30071,46.883202,-96.812499,59,2061.6956673031204
30071,46.883177,-96.812322,60,2075.5305678549153
30071,46.883134,-96.81229,61,2080.920654806585
30071,46.881695,-96.812314,62,2241.604093073168
30071,46.881509,-96.812296,63,2262.4177718244314
30071,46.88011,-96.812278,64,2418.6305485943153
30071,46.879666,-96.812279,65,2468.2058578434853
30071,46.879463,-96.812229,66,2491.1930037829725
30071,46.879456,-96.811766,67,2526.649438710067
30071,46.879435,-96.811619,68,2538.145599287692
30071,46.879444,-96.811403,69,2554.7133304321715
30071,46.879455,-96.810793,70,2601.4318461369817
30071,46.879453,-96.810494,71,2624.324762035477
30071,46.879457,-96.809742,72,2681.900621061806
30071,46.879448,-96.80901,73,2737.952580846321
30071,46.879456,-96.808794,74,2754.5139610133147
30071,46.879456,-96.808557,75,2772.6590284336494
30071,46.879457,-96.808321,76,2790.727884185521
30071,46.879463,-96.807967,77,2817.838936525874
30071,46.879465,-96.807633,78,2843.4114634371367
30071,46.879492,-96.80653,79,2927.912676465831
30071,46.879484,-96.806406,80,2937.4482473431185
30071,46.879512,-96.804121,81,3112.4196878092625
30071,46.879476,-96.803773,82,3139.3647182106865
30071,46.879465,-96.803655,83,3148.4821284616837
30071,46.879475,-96.803017,84,3197.3413947670792
30071,46.879449,-96.800965,85,3354.47354883546
30071,46.879462,-96.798759,86,3523.376116034291
30071,46.879425,-96.798418,87,3549.808742599511
30071,46.879382,-96.798288,88,3560.8593956574077
30071,46.878933,-96.798218,89,3611.2793929345016
30071,46.878434,-96.798232,90,3667.006943424617
30071,46.878383,-96.798124,91,3677.046994033391
30071,46.878382,-96.797512,92,3723.904280619877
30071,46.878374,-96.797183,93,3749.1096781132715
30071,46.878364,-96.797008,94,3762.554833153787
30071,46.878393,-96.795517,95,3876.7578527298137
30071,46.878402,-96.794704,96,3939.0126559021496
30071,46.878378,-96.794349,97,3966.324753756302
30071,46.878405,-96.793865,98,4003.5043034527375
30071,46.878391,-96.793105,99,4061.7141964551133
30071,46.878378,-96.792721,100,4091.1507415977458
30071,46.87839,-96.792491,101,4108.811464650889
30071,46.878371,-96.79223,102,4128.907089204389
30071,46.878326,-96.791822,103,4160.546944609755
30071,46.878132,-96.790611,104,4255.763663015115
30071,46.878008,-96.789772,105,4321.476979265467
30071,46.878001,-96.789561,106,4337.6511431256395
30071,46.877984,-96.788413,107,4425.568630883066
30071,46.877977,-96.78791,108,4464.088966004206
30071,46.877965,-96.787655,109,4483.659083095065
30071,46.877969,-96.786294,110,4587.865742832668
30071,46.877938,-96.786215,111,4594.8348281967565
30071,46.87719,-96.786222,112,4678.3577509644365
30071,46.877064,-96.786243,113,4692.518413009973
30071,46.87695856202207,-96.78612968073844,114,4707.14334631675
30071,46.87695407313772,-96.7831970191574,115,4931.68959211992
30071,46.87692275503859,-96.78314166333772,116,4937.184431408373
30071,46.87506625163563,-96.78311675924682,117,5144.4899377361635
30071,46.87500658267264,-96.78318459853362,118,5152.938189394973
30071,46.87504230673984,-96.78374349800872,119,5195.9186714691195
30071,46.875121,-96.784757,120,5274.018319170371
30071,46.875118,-96.784915,121,5286.1209878523705
30071,46.8750333834472,-96.78517481432914,122,5308.144577392414
30071,46.87490503575312,-96.78555032359122,123,5340.270959830022
30071,46.87493070531649,-96.78570052729606,124,5352.1238403381485
30071,46.875053,-96.785707,125,5365.788186204217
30072,46.875053,-96.785707,0,0
30072,46.87511169032129,-96.78546160118866,1,19.900137847070702
30072,46.87506500364402,-96.78511417790985,2,47.00824275877574
30072,46.875045,-96.78479,3,71.9308055234459
30072,46.875111,-96.784668,4,83.82929736703775
30072,46.875338,-96.784606,5,109.61676313582015
30072,46.876893,-96.784626,6,283.25415098419876
30072,46.877957397842025,-96.78463252513124,7,402.10540619693495
30072,46.87799906564351,-96.7847076243286,8,409.50199689530876
30072,46.877996334353696,-96.78556146494292,9,474.877580428694
30072,46.87801833192587,-96.7863432969589,10,534.789369572204
30072,46.878039,-96.787252,11,604.4029078196364
30072,46.878048,-96.787446,12,619.2905509297957
30072,46.878029,-96.787672,13,636.7238977340428
30072,46.878052,-96.788537,14,703.0026868198732
30072,46.878045,-96.789388,15,768.1644000433445
30072,46.878059,-96.789509,16,777.5597487490976
30072,46.878061,-96.789635,17,787.2095453305615
30072,46.878326,-96.791496,18,932.7367442890211
30072,46.878363,-96.79165,19,945.230528590315
30072,46.878397,-96.791959,20,969.1916259671964
30072,46.878426,-96.792223,21,989.6623664101334
30072,46.878452,-96.793161,22,1061.5383830305962
30072,46.878475,-96.793209,23,1066.0218656829095
30072,46.878447,-96.793564,24,1093.3813972412493
30072,46.87844,-96.794048,25,1130.4467347530087
30072,46.878444,-96.794777,26,1186.2638198874579
30072,46.878452,-96.795442,27,1237.186797679442
30072,46.878494,-96.795491,28,1243.1924234587377
30072,46.878708,-96.795484,29,1267.0932781415736
30072,46.878851,-96.795492,30,1283.0721379387355
30072,46.879463,-96.795499,31,1351.4090289920237
30072,46.879504,-96.795547,32,1357.2795995570498
30072,46.879504,-96.796301,33,1415.0077507659803
30072,46.879506,-96.79768,34,1520.5875890692694
30072,46.879525,-96.798094,35,1552.3553167439457
30072,46.879506,-96.798188,36,1559.8583509207654
30072,46.879508,-96.79848,37,1582.2156623011317
30072,46.879509,-96.800569,38,1742.1541513864859
30072,46.879538,-96.803177,39,1941.8540377866261
30072,46.879544,-96.803503,40,1966.822180543725
30072,46.879539,-96.803678,41,1980.2321213220869
30072,46.879546,-96.806039,42,2160.995942457708
30072,46.879555,-96.806297,43,2180.7743688048918
30072,46.879542,-96.806594,44,2203.5594263725507
30072,46.879535,-96.807603,45,2280.813921668402
30072,46.879534,-96.807974,46,2309.218432491899
30072,46.879529,-96.808366,47,2339.235694406195
30072,46.879516,-96.808966,48,2385.1954445569313
30072,46.879512,-96.80973,49,2443.6900001500744
30072,46.879509,-96.810476,50,2500.805682643211
30072,46.87951,-96.810765,51,2522.932155698856
30072,46.879511,-96.811711,52,2595.359098364865
30072,46.879533,-96.812002,53,2617.773384461466
30072,46.879536,-96.812211,54,2633.778149052581
30072,46.879526,-96.81251,55,2656.697111211801
30072,46.879522,-96.813677,56,2746.044884664256
30072,46.879517,-96.814484,57,2807.8320474994316
30072,46.879517,-96.815195,58,2862.26679686726
30072,46.879528,-96.815711,59,2901.7912400844457
30072,46.879532,-96.815978,60,2922.237830961493
30072,46.879523,-96.816443,61,2957.852732392999
30072,46.879524,-96.817394,62,3030.661981313352
30072,46.879533,-96.817829,63,3063.980984550062
30072,46.879539,-96.819003,64,3153.8654882911233
30072,46.87954,-96.819269,65,3174.2308644797267
30072,46.879565,-96.819384,66,3183.467206140406
30072,46.879661,-96.819439,67,3194.9835182018005
30072,46.881264,-96.819457,68,3373.9718477798797
30072,46.881412,-96.81947,69,3390.5267364072797
30072,46.881652,-96.819517,70,3417.5644395681547
30072,46.882335,-96.819549,71,3493.8641613189343
30072,46.883187,-96.819593,72,3589.05385651579
30072,46.88325,-96.81974,73,3602.3250411226554
30072,46.883252,-96.82031,74,3645.961965023021
30072,46.883256,-96.82051,75,3661.2794707188013
30072,46.883261,-96.820838,76,3686.395695007388
30072,46.883251,-96.821097,77,3706.254830481876
30072,46.883261,-96.821458,78,3733.913690131776
30072,46.883258,-96.821728,79,3754.586214289978
30072,46.883261,-96.822446,80,3809.553587532019
30072,46.883266,-96.823193,81,3866.742701577833
30072,46.883264,-96.823424,82,3884.4282453233122
30072,46.883266,-96.82375,83,3909.3860659008315
30072,46.883263,-96.823991,84,3927.8387752775648
30072,46.883264,-96.824227,85,3945.906011314426
30072,46.883264,-96.824622,86,3976.1450760257812
30072,46.883269,-96.824772,87,3987.64182357002
30072,46.883285,-96.825222,88,4022.137649508941
30072,46.883325,-96.825315,89,4030.542105969844
30072,46.883421,-96.825334,90,4041.3591554019968
30072,46.883548,-96.825349,91,4055.5856673983085
30072,46.88441,-96.825378,92,4151.857247299322
30072,46.884666,-96.825364,93,4180.460824926882
30072,46.884765,-96.825404,94,4191.930886763374
30072,46.886463,-96.825482,95,4381.613818225737
30072,46.886766,-96.82543,96,4415.678430329196
30072,46.887023,-96.825487,97,4444.703414823966
30072,46.887803,-96.825529,98,4531.853051425797
30072,46.888388,-96.825543,99,4597.179574993207
30072,46.888596,-96.825506,100,4620.5757201507095
30072,46.888754,-96.825555,101,4638.611417525776
30072,46.888762,-96.825643,102,4645.406483345763
30072,46.888753,-96.826325,103,4697.620911580635
30072,46.888775,-96.827637,104,4798.079912719438
30072,46.888782,-96.828043,105,4829.167565439081
30072,46.888769,-96.8285,106,4864.1793417953195
30072,46.888779,-96.829948,107,4975.0239406659475
30072,46.888826,-96.829981,108,4980.847975566724
30072,46.889138,-96.829985,109,5015.68526522537
30072,46.890074,-96.830012,110,5120.213528847145
30072,46.890291,-96.829995,111,5144.477291690818
30073,46.802715,-96.843206,0,0
30073,46.802745,-96.842971,1,18.32581493379409
30073,46.802832,-96.842963,2,28.058884634247043
30073,46.802926,-96.842958,3,38.56117209852991
30073,46.803132,-96.84294,4,61.602850382783146
30073,46.803173,-96.843032,5,70.01158217294103
30073,46.803171,-96.843239,6,85.88340392781565
30073,46.803154,-96.843491,7,105.2967202943434
30073,46.803113,-96.843731,8,124.25790215306009
30073,46.803039,-96.843951,9,143.0397712560242
30073,46.802879,-96.844266,10,173.0793684740446
30073,46.802709,-96.84452,11,200.2730829563982
30073,46.802427,-96.844845,12,240.42563643177763
30073,46.802263,-96.845054,13,264.7577301740917
30073,46.802129,-96.845269,14,287.0188832810182
30073,46.802067,-96.845468,15,303.7730193409758
30073,46.802015,-96.845647,16,318.6743972569648
30073,46.802029,-96.845821,17,332.1061194351977
30073,46.802068,-96.845898,18,339.44182725987577
30073,46.802939,-96.84593,19,436.7213369476365
30073,46.803365,-96.845896,20,484.35630609994985
30073,46.803823,-96.845875,21,535.5180918605157
30073,46.804057,-96.845871,22,561.6463735267288
30073,46.805819,-96.84588,23,758.3777584520765
30073,46.805978,-96.845946,24,776.8373560845573
30073,46.805975,-96.846709,25,835.332620045835
30073,46.805969,-96.84737,26,886.0116308829063
30073,46.805827,-96.848027,27,938.815953731379
30073,46.805731,-96.848376,28,967.6386949249535
30073,46.805591,-96.848874,29,1008.8932444682364
30073,46.805443,-96.84937,30,1050.3538425057648
30073,46.805441,-96.85007,31,1104.0191320930178
30073,46.805555,-96.850229,32,1121.642783721692
30073,46.805956,-96.850237,33,1166.4190616685712
30073,46.80635,-96.850292,34,1210.6111906776118
30073,46.806764,-96.850365,35,1257.1722738572896
30073,46.80726,-96.85061,36,1315.649551149699
30073,46.807618,-96.850664,37,1355.8344109905904
30073,46.807719,-96.85074,38,1368.5273197408435
30073,46.80792,-96.850827,39,1391.9392483666766
30073,46.807991,-96.850854,40,1400.1322337531578
30073,46.808071,-96.850869,41,1409.1380267622294
30073,46.808144,-96.850889,42,1417.4315008354745
30073,46.808362,-96.8509,43,1441.7860173927868
30073,46.808533,-96.850874,44,1460.9820909775574
30073,46.808654,-96.850862,45,1474.5231432393314
30073,46.810509,-96.850592,46,1682.667384303938
30073,46.812171,-96.850302,47,1869.55821864184
30073,46.813709,-96.850112,48,2041.8940704458098
30073,46.814267,-96.850064,49,2104.3039224499485
30073,46.814507,-96.850045,50,2131.1397309292215
30073,46.814836,-96.850092,51,2168.04917580891
30073,46.815248,-96.850169,52,2214.4265067193683
30073,46.815299,-96.85024,53,2222.303109793698
30073,46.815272,-96.850461,54,2239.5088755947754
30073,46.815185,-96.851267,55,2302.047666856134
30073,46.815189,-96.851464,56,2317.15430233506
30073,46.815177,-96.851643,57,2330.939896474199
30073,46.815176,-96.852389,58,2388.1208071425267
30073,46.815174,-96.852681,59,2410.5036696980496
30073,46.815195,-96.852929,60,2429.656871180863
30073,46.815222,-96.853163,61,2447.844478152713
30073,46.815347,-96.853605,62,2484.485628985198
30073,46.815708,-96.854663,63,2575.0446310181633
30073,46.815806,-96.85502,64,2604.514773080518
30073,46.815864,-96.855235,65,2622.220918421289
30073,46.815908,-96.855493,66,2642.597310415694
30073,46.815931,-96.855747,67,2662.234653624117
30073,46.815936,-96.855826,68,2668.315560015899
30073,46.815955,-96.856028,69,2683.943190329597
30073,46.815935,-96.856121,70,2691.413063183801
30073,46.815915,-96.856311,71,2706.1464642558253
30073,46.815886,-96.856508,72,2721.589454345875
30073,46.815837,-96.856726,73,2739.1716413075496
30073,46.815783,-96.856945,74,2757.0075860411903
30073,46.815709,-96.857158,75,2775.305284547058
30073,46.815558,-96.857442,76,2802.838684011631
30073,46.815314,-96.857922,77,2848.618332438395
30073,46.815235,-96.858083,78,2863.7869545285844
30073,46.815067,-96.858385,79,2893.580702945091
30073,46.814818,-96.859131,80,2957.161425079542
30073,46.814766,-96.85957,81,2991.3078614875344
30073,46.814756,-96.859961,82,3021.298713096897
30073,46.81474,-96.860432,83,3057.4449178344153
30073,46.814749,-96.860994,84,3100.533775485766
30073,46.814704,-96.862433,85,3210.9469935728116
30073,46.814713,-96.862628,86,3225.9274055306973
30073,46.814706,-96.862765,87,3236.457442571954
30073,46.814686,-96.863614,88,3301.571221927125
30073,46.814611,-96.864099,89,3339.6776859645606
30073,46.81457,-96.864545,90,3374.1685338664033
30073,46.814565,-96.864974,91,3407.0559541463654
30073,46.814567,-96.865705,92,3463.087226692654
30073,46.814566,-96.86641,93,3517.1252356088553
30073,46.814584,-96.866556,94,3528.49507492658
30073,46.814677,-96.866698,95,3543.537680086993
30073,46.815762,-96.866677,96,3664.687464509504
30073,46.816196,-96.866618,97,3713.353666184727
30073,46.816437,-96.866658,98,3740.43516282391
30073,46.816662,-96.866655,99,3765.5572256816554
30073,46.817947,-96.866628,100,3909.0410345420687
30073,46.818272,-96.866593,101,3945.425963550872
30073,46.818338,-96.866535,102,3954.031825645239
30073,46.818336,-96.863179,103,4211.249832515048
30073,46.818289,-96.862678,104,4250.0055766907135
30073,46.818334,-96.861408,105,4347.473644379578
30073,46.818294,-96.859698,106,4478.611991977333
30073,46.818297,-96.856904,107,4692.757922255999
30073,46.818281,-96.85645,108,4727.600572173264
30073,46.81826,-96.856103,109,4754.299555713857
30073,46.818269,-96.854587,110,4870.497936142888
30073,46.818252,-96.853561,111,4949.158876959712
30073,46.818243,-96.852329,112,5043.591331688776
30073,46.818219,-96.850967,113,5148.016914754698
30073,46.818298,-96.850859,114,5160.11321840763
30073,46.819658,-96.850924,115,5312.040250972127
30073,46.82047,-96.850973,116,5402.778588556394
30073,46.820761,-96.850924,117,5435.485341722312
30073,46.821178,-96.850995,118,5482.360709993902
30073,46.822479,-96.851047,119,5627.6732688058355
30073,46.823873,-96.851131,120,5783.447773550564
30073,46.824318,-96.851091,121,5833.226923826519
30073,46.825107,-96.851176,122,5921.560035392372
30073,46.825971,-96.851222,123,6018.090834102829
30073,46.827691,-96.851295,124,6210.2118940378205
30073,46.828229,-96.85126,125,6270.339941236241
30073,46.828388,-96.851295,126,6288.293903181454
30073,46.829054,-96.851344,127,6362.74815961773
30073,46.82955,-96.851358,128,6418.137403995548
30073,46.829847,-96.85133,129,6451.367068749765
30073,46.83033,-96.851387,130,6505.47105617944
30073,46.831217,-96.851364,131,6604.5210958240605
30073,46.832428,-96.851277,132,6739.89460273339
30073,46.832591,-96.851175,133,6759.70099975054
30073,46.832602,-96.850877,134,6782.56824397475
30073,46.832582,-96.850462,135,6814.445927084006
30073,46.832607,-96.849762,136,6868.156040032112
30073,46.832617,-96.849196,137,6911.54020417195
30073,46.832567,-96.846679,138,7104.486723540156
30073,46.832525,-96.846153,139,7145.063588187767
30073,46.832531,-96.845707,140,7179.245133333689
30073,46.832553,-96.844409,141,7278.735454152814
30073,46.832524,-96.843484,142,7349.688124185261
30073,46.83253,-96.842938,143,7391.531151547003
30073,46.832557,-96.842338,144,7437.6053508731975
30073,46.832564,-96.841391,145,7510.174221346186
30073,46.832584,-96.840294,146,7594.262491723197
30073,46.832592,-96.839854,147,7627.989739901605
30073,46.832593,-96.839793,148,7632.665257189411
30073,46.832608,-96.839321,149,7668.871475095217
30073,46.832611,-96.83784,150,7782.35515360324
30073,46.832611,-96.8375,151,7808.408038393196
30073,46.832596,-96.836844,152,7858.702709631606
30073,46.832579,-96.83611,153,7914.978412256264
30073,46.832573,-96.835913,154,7930.088657013964
30073,46.832564,-96.835463,155,7964.585162233577
30073,46.832539,-96.834826,156,8013.475953575452
30073,46.832519,-96.832984,157,8154.639786360435
30073,46.832514,-96.831593,158,8261.229053254256
30073,46.832492,-96.830784,159,8323.26883395991
30073,46.832459,-96.830562,160,8340.674476384496
30073,46.831619,-96.830508,161,8434.554748877725
30073,46.831582,-96.830434,162,8441.570525532843
30073,46.831766,-96.829294,163,8531.309917717188
30073,46.831855,-96.828585,164,8586.540524124737
30073,46.831898,-96.828128,165,8621.887112626433
30073,46.831991,-96.827769,166,8651.29107016702
30073,46.831941,-96.827435,167,8677.486602318753
30073,46.831939,-96.827299,168,8687.910404311939
30073,46.831935,-96.827212,169,8694.591985947638
30073,46.831941,-96.825779,170,8804.402087610912
30073,46.831991,-96.825678,171,8813.94491787297
30073,46.83222,-96.825627,172,8839.81067465001
30073,46.832452,-96.825642,173,8865.73994972351
30073,46.832519,-96.825544,174,8876.33972551397
30073,46.832478,-96.823683,175,9019.016882572236
30073,46.832469,-96.823449,176,9036.975874053967
30073,46.832471,-96.82322,177,9054.525018081331
30073,46.832456,-96.819966,178,9303.877428909052
30073,46.832649,-96.819897,179,9326.06600625507
30073,46.833121,-96.819885,180,9378.775186948513
30073,46.833804,-96.81985,181,9455.082697440543
30073,46.834589,-96.819833,182,9542.741555274337
30073,46.835101,-96.819896,183,9600.112369976856
30073,46.835449,-96.819862,184,9639.05554890014
30073,46.835631,-96.819829,185,9659.533471127135
30073,46.83607,-96.819869,186,9708.645746188597
30073,46.83736,-96.819792,187,9852.80148581665
30073,46.838079,-96.819794,188,9933.081583868649
30073,46.838507,-96.819801,189,9980.872937173872
30073,46.83914,-96.819764,190,10051.607390064979
30073,46.839955,-96.81979,191,10142.628025445274
30073,46.84019,-96.819784,192,10168.870979274672
30073,46.840386,-96.819804,193,10190.808941969848
30073,46.840728,-96.819743,194,10229.279893870676
30073,46.840881,-96.819759,195,10246.407036892282
30073,46.841653,-96.819736,196,10332.622717748798
30073,46.842645,-96.819748,197,10443.38830744708
30073,46.843107,-96.819712,198,10495.046604653668
30073,46.843858,-96.819701,199,10578.903758151791
30073,46.844128,-96.819679,200,10609.097691982908
30073,46.844304,-96.819695,201,10628.78716831747
30073,46.844638,-96.819666,202,10666.14606585491
30073,46.844937,-96.819664,203,10699.531269413745
30073,46.845266,-96.819658,204,10736.26864793971
30073,46.845589,-96.819652,205,10772.336149913102
30073,46.845806,-96.819654,206,10796.565774668808
30073,46.845915,-96.819651,207,10808.738342162775
30073,46.846008,-96.819649,208,10819.12338977962
30073,46.846171,-96.819649,209,10837.323158825537
30073,46.846523,-96.819649,210,10876.625727526403
30073,46.846883,-96.81965,211,10916.821609350827
30073,46.847011,-96.819649,212,10931.113657788253
30073,46.847237,-96.819646,213,10956.348739881358
30073,46.847423,-96.819643,214,10977.117846085961
30073,46.847608,-96.819641,215,10997.774593942582
30073,46.847988,-96.819642,216,11040.203572640998
30073,46.848337,-96.819638,217,11079.172381175076
30073,46.848631,-96.819635,218,11111.999763110933
30073,46.848711,-96.819631,219,11120.93741935763
30073,46.848841,-96.819624,220,11135.462474407237
30073,46.849037,-96.81963,221,11157.351685712232
30073,46.849797,-96.819611,222,11242.221987450912
30073,46.850671,-96.819608,223,11339.80875276613
30073,46.850972,-96.819522,224,11374.056483553693
30073,46.851137,-96.819553,225,11392.631973658801
30073,46.851605,-96.819572,226,11444.906794034665
30073,46.851666,-96.819572,227,11451.717751025548
30073,46.852185,-96.819571,228,11509.666763546704
30073,46.852503,-96.819565,229,11545.176038392216
30073,46.852531,-96.819565,230,11548.30237932126
30073,46.85284,-96.819565,231,11582.803784547626
30073,46.853035,-96.819565,232,11604.576515979681
30073,46.853221,-96.819564,233,11625.344493372835
30073,46.853345,-96.819564,234,11639.189717463276
30073,46.853805,-96.819538,235,11690.58962989755
30073,46.854819,-96.819589,236,11803.875205678929
30073,46.855147,-96.819518,237,11840.899632998766
30073,46.855231,-96.819534,238,11850.358384896044
30073,46.856111,-96.819551,239,11948.623443028844
30073,46.857227,-96.819518,240,12073.256095119163
30073,46.857494,-96.819483,241,12103.188275460909
30073,46.857781,-96.819558,242,12135.74406950586
30073,46.858531,-96.819503,243,12219.591231843106
30073,46.859074,-96.819501,244,12280.220111431188
30073,46.85963,-96.819494,245,12342.302628170579
30073,46.860033,-96.819468,246,12387.343650023764
30073,46.860279,-96.819495,247,12414.888521036171
30073,46.860565,-96.819515,248,12446.858577862342
30073,46.860704,-96.819523,249,12462.390717223507
30073,46.861278,-96.819478,250,12526.573307088205
30073,46.861434,-96.819492,251,12544.02446315744
30073,46.861575,-96.819538,252,12560.157184427175
30073,46.862605,-96.819509,253,12675.183314004205
30073,46.862985,-96.81951,254,12717.612296894327
30073,46.863243,-96.819486,255,12746.477873830509
30073,46.86344,-96.819435,256,12768.817993124116
30073,46.863543,-96.819467,257,12780.57667420473
30073,46.864478,-96.819485,258,12884.983237248116
30073,46.864832,-96.81952,259,12924.599897323777
30073,46.86514,-96.819514,260,12958.992717426128
30073,46.86571,-96.819492,261,13022.658383822574
30073,46.866596,-96.819408,262,13121.793673717006
30073,46.867001,-96.819529,263,13167.953546635574
30073,46.867461,-96.81952,264,13219.319485484237
30073,46.867706,-96.819509,265,13246.687934881791
30073,46.867748,-96.819585,266,13254.162056491574
30073,46.867726,-96.821086,267,13369.130761683165
30073,46.867749,-96.823908,268,13585.246489727853
30073,46.86778,-96.824612,269,13639.267605031735
30073,46.86771,-96.824784,270,13654.583212264868
30073,46.867481,-96.824837,271,13680.472166483285
30073,46.867046,-96.824792,272,13729.163898820749
30073,46.866725,-96.824787,273,13765.006989956823
30073,46.866136,-96.824853,274,13830.965328498838
30073,46.865774,-96.82479,275,13871.671115775145
30073,46.865759,-96.82464,276,13883.279523226785
30073,46.865769,-96.824008,277,13931.69079211292
30073,46.86577,-96.823672,278,13957.421836528845
30073,46.86575,-96.823339,279,13983.020501278563
30073,46.86573,-96.822693,280,14032.541481371867
30073,46.865745,-96.822018,281,14084.2600705048
30073,46.86574,-96.821311,282,14138.405009317217
30073,46.86573,-96.820821,283,14175.945849152055
30073,46.865743,-96.820335,284,14213.19207485677
30073,46.865739,-96.820041,285,14235.711063774686
30073,46.865711,-96.819806,286,14253.976943013568
30073,46.865752,-96.819358,287,14288.588947693193
30073,46.865732,-96.818987,288,14317.087835503593
30073,46.865752,-96.818332,289,14367.29759567437
30073,46.865742,-96.818059,290,14388.233813230981
30073,46.865749,-96.817672,291,14417.880707267319
30073,46.86574,-96.817308,292,14445.774069255529
30073,46.865846,-96.817159,293,14462.214173170683
30073,46.866349,-96.817141,294,14518.393723379451
30073,46.866568,-96.817142,295,14542.846363292723
30073,46.866727,-96.817109,296,14560.77852405181
30073,46.866999,-96.81713,297,14591.191325347647
30073,46.867758,-96.817122,298,14675.939945793927
30073,46.868024,-96.81712,299,14705.640662321455
30073,46.868288,-96.817118,300,14735.118071188737
30073,46.868581,-96.81709,301,14767.903276030018
30073,46.868744,-96.817114,302,14786.195654745097
30073,46.86941,-96.8171,303,14860.565842445905
30073,46.869695,-96.817072,304,14892.4597678309
30073,46.869784,-96.816983,305,14904.509526222768
30073,46.869794,-96.815572,306,15012.56215558494
30073,46.869777,-96.814527,307,15092.605315546616
30073,46.869737,-96.814238,308,15115.181638843029
30073,46.869762,-96.814064,309,15128.794933792658
30073,46.869763,-96.813358,310,15182.856954957197
30073,46.869763,-96.813174,311,15196.946750620598
30073,46.869764,-96.812852,312,15221.604152870552
30073,46.869772,-96.811002,313,15363.270882985978
30073,46.869763,-96.810479,314,15403.332315629652
30073,46.86977,-96.81028,315,15418.59081728059
30073,46.869777,-96.807455,316,15634.91760323367
30073,46.869764,-96.807099,317,15662.217098158184
30073,46.869759,-96.806892,318,15678.0780629292
30073,46.869753,-96.804565,319,15856.270880387467
30073,46.869739,-96.804207,320,15883.729546144108
30073,46.869743,-96.804016,321,15898.362346326316
30073,46.869724,-96.801658,322,16078.940896920405
30073,46.869717,-96.801338,323,16103.457706886411
30073,46.869728,-96.801147,324,16118.135223588744
30073,46.869724,-96.799039,325,16279.558481584327
30073,46.869629,-96.796717,326,16457.68517419644
30073,46.869591,-96.796503,327,16474.61297076253
30073,46.869595,-96.796333,328,16487.638673314195
30073,46.86955,-96.795599,329,16544.07017902519
30073,46.869502,-96.794815,330,16604.34524856403
30073,46.869585,-96.794752,331,16614.793376692443
30073,46.870275,-96.794684,332,16692.01334433982
30073,46.870425,-96.794619,333,16709.48603933769
30073,46.870537,-96.79464,334,16722.094732176134
30073,46.871083,-96.794569,335,16783.30209492499
30073,46.871962,-96.794446,336,16881.900615081486
30073,46.872073,-96.794404,337,16894.705152792845
30073,46.8724,-96.794376,338,16931.2803134067
30073,46.873183,-96.794289,339,17018.9622053059
30073,46.873703,-96.79422,340,17077.26441942853
30073,46.874644,-96.794088,341,17182.819925158397
30073,46.874737,-96.794075,342,17193.251750078285
30073,46.875214,-96.79406,343,17246.5251609478
30073,46.875351,-96.794056,344,17261.82541955068
30073,46.875861,-96.794033,345,17318.798399156192
30073,46.875901,-96.793956,346,17326.19486865734
30073,46.875895,-96.793446,347,17365.250250482295
30073,46.875894,-96.793208,348,17383.47376484341
30073,46.875901,-96.792575,349,17431.94760146919
30073,46.875935,-96.791725,350,17497.141051316306
30073,46.875914,-96.790635,351,17580.633212997916
30073,46.875896,-96.790469,352,17593.501457896185
30073,46.875923,-96.790176,353,17616.13759997615
30073,46.875902,-96.788123,354,17773.349804028523
30073,46.875904,-96.787928,355,17788.282314416974
30073,46.875929,-96.787714,356,17804.90403372547
30073,46.875925,-96.786909,357,17866.543247510497
30073,46.875873,-96.785895,358,17944.40057722807
30073,46.875899336115346,-96.783185945755,359,18151.85031320549
30073,46.87585500421536,-96.7831161322632,360,18159.13579170968
30073,46.8750326303776,-96.7831084966812,361,18250.963725513557
30073,46.875001314825234,-96.78322241202544,362,18260.36101385423
30073,46.875098,-96.784821,363,18383.240054288595
30073,46.87509866466249,-96.78514053372956,364,18407.706813496643
30073,46.874965725643214,-96.78533051157432,365,18428.49009184774
30073,46.87492538777872,-96.78557191038566,366,18447.51486334833
30073,46.875053,-96.785707,367,18465.12257129772
30074,46.875053,-96.785707,0,0
30074,46.87512002445117,-96.7854238723526,1,22.934455422537166
30074,46.875046,-96.785135,2,46.54727266235832
30074,46.875043,-96.784856,3,67.91290543460903
30074,46.8751,-96.784671,4,83.44247414512449
30074,46.875287,-96.784615,5,104.75854099059727
30074,46.87691,-96.784628,6,285.98475926170914
30074,46.87698,-96.784721,7,296.55819772432153
30074,46.876978,-96.785365,8,345.86793750465284
30074,46.876997,-96.786259,9,414.351751439396
30074,46.876989,-96.787663,10,521.8554493642453
30074,46.876979,-96.789093,11,631.3517072147723
30074,46.876988,-96.789566,12,667.5817169353021
30074,46.876976,-96.789904,13,693.4959283241549
30074,46.877,-96.790333,14,726.4521626738832
30074,46.877152,-96.791342,15,805.550058119086
30074,46.87727,-96.79209,16,864.3176229057672
30074,46.87736,-96.792653,17,908.5801534182702
30074,46.877384,-96.79284,18,923.1465981253324
30074,46.877396,-96.793027,19,937.5269691027318
30074,46.87741,-96.793279,20,956.8847718979579
30074,46.877439,-96.793659,21,986.1593888883698
30074,46.877419,-96.794115,22,1021.1446927147399
30074,46.877416,-96.794601,23,1058.3571166816896
30074,46.877416,-96.794971,24,1086.6864017267644
30074,46.877419,-96.796458,25,1200.539867603493
30074,46.87745,-96.796899,26,1234.48218245154
30074,46.877378,-96.797673,27,1294.2866337452936
30074,46.877383,-96.798176,28,1332.8030793079897
30074,46.877326,-96.798264,29,1342.071528789886
30074,46.876074,-96.798295,30,1481.8872321723284
30074,46.875952,-96.798295,31,1495.5094825162698
30074,46.875445,-96.798312,32,1552.1349439638575
30074,46.874983,-96.798306,33,1603.7228878086785
30074,46.874502,-96.798297,34,1657.4347054565965
30074,46.87411,-96.798356,35,1701.4370785281592
30074,46.873829,-96.798323,36,1732.9144989537863
30074,46.873451,-96.798309,37,1775.1347542219246
30074,46.873037,-96.798313,38,1821.3620935531235
30074,46.872323,-96.798325,39,1901.0910494459793
30074,46.871997,-96.798354,40,1937.5591591153316
30074,46.871702,-96.798326,41,1970.5679120435648
30074,46.870757,-96.798336,42,2076.0872996522244
30074,46.870259,-96.798356,43,2131.7139635735293
30074,46.869169,-96.798365,44,2253.4228998274784
30074,46.868925,-96.7984,45,2280.798915254104
30074,46.868635,-96.798373,46,2313.245615579019
30074,46.867731,-96.798392,47,2414.1947367922567
30074,46.867298,-96.798407,48,2462.5561996373362
30074,46.86675,-96.798394,49,2523.7527616160255
30074,46.86588,-96.798402,50,2620.896963141935
30074,46.865813,-96.798523,51,2632.806321676685
30074,46.865785,-96.800466,52,2781.6377894810466
30074,46.865798,-96.801039,53,2825.543159753898
30074,46.86578,-96.801373,54,2851.200307785884
30074,46.86577,-96.801922,55,2893.2585070326754
30074,46.865774,-96.803566,56,3019.159525336735
30074,46.865792,-96.804439,57,3086.0453935184983
30074,46.865776,-96.806401,58,3236.30870097599
30074,46.865787,-96.808299,59,3381.6650480630547
30074,46.865808,-96.808926,60,3429.738606188292
30074,46.865775,-96.809303,61,3458.843839021192
30074,46.865768,-96.810777,62,3571.7269323805344
30074,46.865783,-96.811231,63,3606.5349798589486
30074,46.865746,-96.811529,64,3629.727009235145
30074,46.865764,-96.813021,65,3744.0032674151153
30074,46.86578,-96.813455,66,3777.2872743062317
30074,46.865746,-96.813644,67,3792.250607885651
30074,46.865745,-96.813764,68,3801.440970908987
30074,46.865743,-96.814138,69,3830.0830181112256
30074,46.865771,-96.816535,70,4013.673203436421
30074,46.865786,-96.816987,71,4048.3280330386447
30074,46.865789,-96.817205,72,4065.0259080112983
30074,46.865774,-96.817688,73,4102.052101652122
30074,46.865779,-96.819256,74,4222.1312103297505
30074,46.865817,-96.819362,75,4231.290677695141
30074,46.865945,-96.819444,76,4246.901242926188
30074,46.866431,-96.819433,77,4301.172132290919
30074,46.866596,-96.819408,78,4319.694421498484
30074,46.866954,-96.819448,79,4359.784122563218
30074,46.867369,-96.81945,80,4406.1212182499585
30074,46.867726,-96.819476,81,4446.031761565414
30074,46.867772,-96.819565,82,4454.565767693583
30074,46.867785,-96.82103,83,4566.7607545040155
30074,46.867799,-96.82391,84,4787.308015004563
30074,46.867795,-96.824691,85,4847.11617604183
30074,46.867739,-96.824779,86,4856.3089147553155
30074,46.867481,-96.824837,87,4885.456120363146
30074,46.866976,-96.824801,88,4941.908916777247
30074,46.866641,-96.82482,89,4979.341410772177
30074,46.866265,-96.824838,90,5021.346067090303
30074,46.866136,-96.824853,91,5035.795208993066
30074,46.86605,-96.824847,92,5045.408469162071
30074,46.865795,-96.824808,93,5074.0365403442875
30074,46.865758,-96.824697,94,5083.487612022992
30074,46.865762,-96.82404,95,5133.802480092299
30074,46.865759,-96.82378,96,5153.7160389878645
30074,46.865751,-96.823464,97,5177.931738348596
30074,46.865743,-96.822874,98,5223.122684635031
30074,46.86573,-96.822693,99,5237.0594416168
30074,46.865732,-96.822441,100,5256.358877716154
30074,46.865752,-96.822198,101,5275.101311947007
30074,46.865738,-96.821935,102,5295.30241169427
30074,46.865741,-96.821537,103,5325.783091811425
30074,46.865754,-96.821251,104,5347.73302252923
30074,46.86575,-96.821051,105,5363.055539521538
30074,46.865743,-96.820798,106,5382.446053242279
30074,46.865738,-96.820529,107,5403.053661653461
30074,46.865735,-96.820394,108,5413.397402465257
30074,46.865722,-96.820136,109,5433.20832664853
30074,46.865712,-96.81997,110,5445.969576987057
30074,46.865711,-96.819806,111,5458.529226705891
30074,46.865651,-96.819663,112,5471.366848373109
30074,46.865126,-96.819634,113,5530.027786753443
30074,46.864791,-96.81964,114,5567.435040194363
30074,46.864209,-96.819628,115,5632.424759219128
30074,46.864013,-96.819665,116,5654.491822146284
30074,46.863938,-96.819665,117,5662.865948314941
30074,46.86382,-96.819638,118,5676.202509240128
30074,46.863458,-96.819607,119,5716.6912894985835
30074,46.862834,-96.819679,120,5786.581876816813
30074,46.862555,-96.819691,121,5817.747178656818
30074,46.861513,-96.81971,122,5934.100800166839
30074,46.860668,-96.819625,123,6028.673607705253
30074,46.860507,-96.819649,124,6046.74379509493
30074,46.860291,-96.819624,125,6070.937164420148
30074,46.859501,-96.819634,126,6159.147956649091
30074,46.859071,-96.819664,127,6207.214563471315
30074,46.858505,-96.819707,128,6270.4970577801505
30074,46.857007,-96.819636,129,6437.8446516824015
30074,46.856133,-96.819659,130,6535.447039342808
30074,46.855157,-96.819673,131,6644.427613424126
30074,46.854433,-96.819803,132,6725.8768005089905
30074,46.854161,-96.819744,133,6756.581358328825
30074,46.853823,-96.819755,134,6794.330155614686
30074,46.853208,-96.819761,135,6862.99952329566
30074,46.852498,-96.819781,136,6942.289378881054
30074,46.851269,-96.819866,137,7079.667753921831
30074,46.851064,-96.81983,138,7102.722546375569
30074,46.850618,-96.819811,139,7152.5419407353365
30074,46.849638,-96.819821,140,7261.966523507765
30074,46.848963,-96.819813,141,7337.336141152053
30074,46.848351,-96.819768,142,7405.755900528963
30074,46.847744,-96.819785,143,7473.543000755696
30074,46.847627,-96.819788,144,7486.608657842318
30074,46.847421,-96.819789,145,7509.609716672363
30074,46.847238,-96.819791,146,7530.043157184375
30074,46.84703,-96.819791,147,7553.267398421233
30074,46.846875,-96.819791,148,7570.573924352869
30074,46.846507,-96.819796,149,7611.664751808624
30074,46.846164,-96.819843,150,7650.131300494366
30074,46.845535,-96.819846,151,7720.362671223939
30074,46.844794,-96.819871,152,7803.121189465604
30074,46.844674,-96.819888,153,7816.582937083053
30074,46.844429,-96.819919,154,7844.0413090769425
30074,46.844193,-96.819865,155,7870.714660517461
30074,46.843922,-96.81985,156,7900.994979059475
30074,46.843736,-96.819847,157,7921.7640807571825
30074,46.843359,-96.819845,158,7963.858294712367
30074,46.842988,-96.819854,159,8005.288037845254
30074,46.842725,-96.819917,160,8035.047321707818
30074,46.842332,-96.819858,161,8079.15993696265
30074,46.841165,-96.819887,162,8209.480260290022
30074,46.840978,-96.819932,163,8230.64247850045
30074,46.840794,-96.819866,164,8251.800146691638
30074,46.840306,-96.819916,165,8306.422283502086
30074,46.839957,-96.819881,166,8345.482035872676
30074,46.839726,-96.819895,167,8371.296634745839
30074,46.839405,-96.819883,168,8407.149679152675
30074,46.839159,-96.819877,169,8434.620655274546
30074,46.838532,-96.819919,170,8504.702257702369
30074,46.838076,-96.819918,171,8555.616992115018
30074,46.83725,-96.819921,172,8647.84430280001
30074,46.836146,-96.82,173,8771.259941837732
30074,46.835891,-96.820037,174,8799.872760718557
30074,46.83563,-96.819981,175,8829.328915921844
30074,46.835464,-96.820001,176,8847.926888531189
30074,46.834943,-96.819961,177,8906.179823057517
30074,46.834531,-96.819957,178,8952.182699599878
30074,46.83372,-96.820005,179,9042.809559367714
30074,46.833022,-96.820068,180,9120.894104208848
30074,46.832754,-96.820047,181,9150.860874405547
30074,46.832609,-96.820133,182,9168.34066024368
30074,46.832562,-96.820494,183,9196.496635854723
30074,46.832585,-96.822206,184,9327.708290160044
30074,46.832636,-96.823045,185,9392.250431995906
30074,46.832622,-96.823518,186,9428.528879276198
30074,46.832607,-96.825729,187,9597.960094956197
30074,46.832519,-96.825802,188,9609.266392585037
30074,46.832023,-96.825744,189,9664.824943040729
30074,46.831967,-96.825834,190,9674.133946764858
30074,46.831975,-96.826817,191,9749.464627067022
30074,46.831981,-96.827321,192,9788.090941456465
30074,46.83198,-96.827742,193,9820.351497497699
30074,46.831947,-96.82807,194,9845.754098764188
30074,46.831829,-96.829124,195,9927.58754866361
30074,46.831691,-96.82991,196,9989.756884887938
30074,46.831627,-96.830355,197,10024.59710981535
30074,46.831702,-96.830422,198,10034.419690240096
30074,46.832595,-96.830477,199,10134.215410521261
30074,46.832656,-96.83056,200,10143.53409147974
30074,46.83269,-96.832229,201,10271.480220371657
30074,46.832737,-96.84008,202,10873.09477316065
30074,46.832683,-96.844765,203,11232.136178403904
30074,46.832785,-96.845411,204,11282.929302826524
30074,46.832703,-96.846063,205,11333.720917569992
30074,46.832746,-96.850304,206,11658.72314502852
30074,46.832753,-96.851233,207,11729.911844060753
30074,46.832648,-96.851499,208,11753.425044880913
30074,46.831177,-96.851552,209,11917.713710072414
30074,46.830357,-96.851548,210,12009.267952120857
30074,46.829991,-96.851608,211,12050.390010527892
30074,46.829758,-96.851535,212,12076.999296802494
30074,46.828584,-96.851488,213,12208.1269176332
30074,46.825897,-96.851313,214,12508.432500306153
30074,46.824936,-96.851309,215,12615.729473541165
30074,46.824561,-96.851343,216,12657.679567841697
30074,46.824222,-96.851283,217,12695.807515661478
30074,46.822971,-96.851236,218,12835.529263715045
30074,46.822611,-96.851248,219,12875.734118706068
30074,46.822364,-96.851198,220,12903.576855527659
30074,46.822182,-96.851158,221,12924.127266348141
30074,46.820156,-96.851071,222,13150.430337979067
30074,46.818601,-96.850988,223,13324.164084264321
30074,46.818396,-96.851061,224,13347.726472304881
30074,46.818254,-96.851189,225,13366.370808243106
30074,46.818294,-96.852415,226,13460.444192221434
30074,46.818303,-96.853834,227,13569.208501999523
30074,46.818306,-96.854764,228,13640.489304349572
30074,46.818326,-96.856752,229,13792.875988650361
30074,46.818375,-96.857071,230,13817.930308526902
30074,46.818367,-96.857473,231,13848.754469349515
30074,46.818349,-96.859612,232,14012.70985070409
30074,46.818368,-96.860817,233,14105.090922108007
30074,46.818368,-96.86145,234,14153.606877267272
30074,46.818442,-96.863494,235,14310.485553524715
30074,46.818524,-96.863977,236,14348.619942933754
30074,46.818446,-96.864467,237,14387.172009942147
30074,46.81844,-96.866643,238,14553.95065231813
30074,46.818383,-96.866714,239,14562.323982546464
30074,46.817766,-96.866667,240,14631.305494806224
30074,46.817378,-96.866695,241,14674.678406003335
30074,46.816953,-96.866766,242,14722.440226391398
30074,46.816677,-96.866701,243,14753.655462457864
30074,46.816184,-96.866731,244,14808.746391484145
30074,46.816002,-96.86671,245,14829.130145948744
30074,46.815805,-96.866716,246,14851.12979214953
30074,46.814658,-96.866791,247,14979.320069607644
30074,46.814525,-96.866704,248,14995.597992569432
30074,46.81451,-96.865563,249,15083.071171665622
30074,46.814517,-96.864787,250,15142.556433552676
30074,46.814524,-96.864591,251,15157.60008625155
30074,46.814544,-96.864376,252,15174.23036340239
30074,46.814575,-96.864116,253,15194.457596827235
30074,46.814606,-96.863855,254,15214.760348386097
30074,46.81463,-96.863665,255,15229.568238953234
30074,46.814637,-96.863515,256,15241.092213978774
30074,46.814648,-96.862853,257,15291.849136786943
30074,46.814627,-96.862598,258,15311.534932914417
30074,46.814622,-96.862197,259,15342.276546386634
30074,46.814668,-96.861293,260,15411.758009187555
30074,46.814679,-96.861113,261,15425.609522515188
30074,46.814683,-96.861018,262,15432.904933443513
30074,46.814692,-96.860258,263,15491.167449308661
30074,46.814694,-96.859972,264,15513.090441149447
30074,46.814704,-96.859675,265,15535.882811729993
30074,46.814713,-96.859455,266,15552.775695131686
30074,46.814732,-96.859275,267,15566.73480174793
30074,46.814773,-96.859055,268,15584.20805068915
30074,46.814834,-96.858846,269,15601.615493381029
30074,46.814924,-96.858505,270,15629.618060040277
30074,46.814995,-96.858397,271,15641.079630512602
30074,46.815154,-96.858094,272,15670.312091529697
30074,46.815243,-96.857929,273,15686.395968859342
30074,46.815528,-96.857402,274,15737.817851515718
30074,46.815632,-96.857182,275,15758.291777032618
30074,46.815703,-96.857005,276,15774.004783210316
30074,46.815775,-96.856781,277,15792.962819570304
30074,46.815829,-96.856547,278,15811.884811263426
30074,46.815864,-96.856357,279,15826.963202417406
30074,46.815885,-96.856192,280,15839.825707352973
30074,46.8159,-96.855836,281,15867.163914575693
30074,46.815879,-96.855575,282,15887.306108210218
30074,46.815847,-96.855328,283,15906.572481390085
30074,46.81579,-96.855098,284,15925.315209616087
30074,46.815698,-96.854794,285,15950.78005201484
30074,46.815324,-96.853669,286,16046.588945020407
30074,46.815196,-96.853235,287,16082.794790075135
30074,46.815155,-96.853031,288,16099.087639156307
30074,46.815137,-96.852823,289,16115.156971756562
30074,46.815137,-96.852202,290,16162.75654764109
30074,46.81511,-96.851817,291,16192.420351308328
30074,46.815131,-96.851607,292,16208.686715885262
30074,46.81514,-96.851211,293,16239.056736882962
30074,46.815144,-96.851139,294,16244.59357735659
30074,46.81515,-96.851067,295,16250.152886716
30074,46.815191,-96.85076,296,16274.12555299885
30074,46.815227,-96.850493,297,16294.982062960218
30074,46.815198,-96.850331,298,16307.81456247019
30074,46.814976,-96.850247,299,16333.423701967093
30074,46.814243,-96.850179,300,16415.429745271867
30074,46.813877,-96.850235,301,16456.518864619404
30074,46.813757,-96.850242,302,16469.92773196936
30074,46.810504,-96.850731,303,16835.057673849307
30074,46.808634,-96.851001,304,17044.868411914766
30074,46.80847,-96.851054,305,17063.624515576474
30074,46.808176,-96.851035,306,17096.482196830995
30074,46.807818,-96.851062,307,17136.506795582856
30074,46.807529,-96.850859,308,17172.330635700186
30074,46.807209,-96.850733,309,17209.341646413246
30074,46.806728,-96.850563,310,17264.604476145887
30074,46.806392,-96.850509,311,17302.346942395776
30074,46.806218,-96.850503,312,17321.779666317216
30074,46.805946,-96.850494,313,17352.156583685195
30074,46.805437,-96.850433,314,17409.179046454396
30074,46.805392,-96.850139,315,17432.271472765697
30074,46.805389,-96.849455,316,17484.71078878741
30074,46.805365,-96.849249,317,17500.729324514417
30074,46.805563,-96.848663,318,17550.799133171688
30074,46.805862,-96.847722,319,17630.289659389215
30074,46.805934,-96.847072,320,17680.765254241225
30074,46.805912,-96.846503,321,17724.45595005059
30074,46.8059,-96.846223,322,17745.963550121345
30074,46.805842,-96.846098,323,17757.529411460386
30074,46.805306,-96.846086,324,17817.38174155549
30074,46.804289,-96.846131,325,17930.983817209548
30074,46.804195,-96.84618,326,17942.131130716436
30074,46.803914,-96.846193,327,17973.521054449942
30074,46.80372,-96.846202,328,17995.192450253777
30074,46.803341,-96.846168,329,18037.588613890333
30074,46.802033,-96.846145,330,18183.63954673726
30074,46.801967,-96.846108,331,18191.53571494985
30074,46.801962,-96.845941,332,18204.35166137746
30074,46.801967,-96.845754,333,18218.69969783499
30074,46.801973,-96.845634,334,18227.92437981868
30074,46.802014,-96.845443,335,18243.267057370358
30074,46.802038,-96.845349,336,18250.956017907873
30074,46.802075,-96.845261,337,18258.86719454434
30074,46.802121,-96.84517,338,18267.53064751615
30074,46.802164,-96.845094,339,18275.080621185658
30074,46.802222,-96.845022,340,18283.589930175145
30074,46.802275,-96.844962,341,18291.08516993031
30074,46.802326,-96.844874,342,18299.91379439186
30074,46.8024,-96.844793,343,18310.249692603207
30074,46.802507,-96.844717,344,18323.54166402449
30074,46.802585,-96.844608,345,18335.611517380155
30074,46.802595,-96.844511,346,18343.13171637392
30074,46.802556,-96.844395,347,18353.03405860955
30074,46.80251,-96.844322,348,18360.630285359734
30074,46.802518,-96.844291,349,18363.169316504886
30074,46.802565,-96.844194,350,18372.271218078142
30074,46.802625,-96.84405,351,18385.185005298583
30074,46.802647,-96.843991,352,18390.332351366204
30074,46.802693,-96.843841,353,18402.927381518257
30074,46.802725,-96.843691,354,18414.9698735011
30074,46.802735,-96.843612,355,18421.12873284774
30074,46.802715,-96.843206,356,18452.336136697035
30075,46.862805,-96.850806,0,0
30075,46.863118,-96.850909,1,35.825888918150284
30075,46.863839,-96.850924,2,116.3344286237866
30075,46.864245,-96.850841,3,162.10817422299198
30075,46.864331,-96.850871,4,171.98117090477086
30075,46.864499,-96.850911,5,190.98700329522643
30075,46.865313,-96.850908,6,281.8711779550748
30075,46.865633,-96.850901,7,317.6035074463588
30075,46.866722,-96.850883,8,439.19922159804156
30075,46.866812,-96.851154,9,462.25616532479836
30075,46.866804,-96.851875,10,517.4745539274212
30075,46.866811,-96.852175,11,540.4605764089018
30075,46.866822,-96.852625,12,574.9415326125126
30075,46.866822,-96.85352,13,643.476746914518
30075,46.866817,-96.853998,14,680.0841410961812
30075,46.866757,-96.854157,15,693.9809183524901
30075,46.866731,-96.854279,16,703.763770708927
30075,46.86662,-96.854602,17,731.4289230361328
30075,46.866458,-96.854947,18,763.4461110414848
30075,46.866368,-96.85514,19,781.3178019806927
30075,46.866261,-96.8554,20,804.5367943854831
30075,46.866195,-96.85556,21,818.8342641024159
30075,46.866122,-96.85582,22,840.3478112240958
30075,46.866096,-96.855913,23,848.0383367502894
30075,46.866055,-96.856128,24,865.1268222817009
30075,46.86602,-96.856389,25,885.4917295630554
30075,46.865997,-96.856672,26,907.3145010527599
30075,46.865995,-96.857011,27,933.2748982967838
30075,46.866017,-96.857325,28,957.4450442771404
30075,46.86604,-96.857504,29,971.3906925419948
30075,46.866055,-96.857626,30,980.8819351547908
30075,46.866106,-96.85789,31,1001.8846948082712
30075,46.866172,-96.858105,32,1019.9224383055488
30075,46.866215,-96.858222,33,1030.087086108041
30075,46.866245,-96.858302,34,1037.0690669070807
30075,46.86637,-96.858487,35,1056.955442277961
30075,46.866414,-96.858661,36,1071.1564136370548
30075,46.866535,-96.858928,37,1095.6622709747983
30075,46.86667,-96.859227,38,1123.0742543135796
30075,46.866743,-96.859427,39,1140.4230456652572
30075,46.866793,-96.859649,40,1158.3158807445245
30075,46.866839,-96.859918,41,1179.5451904064396
30075,46.866864,-96.860211,42,1202.154622116004
30075,46.866865,-96.860366,43,1214.0242656259418
30075,46.866868,-96.860732,44,1242.0526919682345
30075,46.866904,-96.861628,45,1310.7813867183545
30075,46.866954,-96.861697,46,1318.4678099181606
30075,46.86785,-96.86166,47,1418.5459377136306
30075,46.868374,-96.861659,48,1477.0503637880072
30075,46.86901,-96.861652,49,1548.061515085016
30075,46.869086,-96.861821,50,1563.5360425294043
30075,46.869079,-96.862443,51,1611.169995713055
30075,46.869097,-96.862906,52,1646.6795406495332
30075,46.869087,-96.863512,53,1693.0953001125088
30075,46.869087,-96.864234,54,1748.3798862197605
30075,46.869107,-96.865031,55,1809.4481045462342
30075,46.869107,-96.865908,56,1876.6011160000737
30075,46.86911,-96.866303,57,1906.8486025785671
30075,46.869171,-96.867,58,1960.651473729912
30075,46.869161,-96.86738,59,1989.7698822093012
30075,46.86918,-96.86903,60,2116.1297495400318
30075,46.869201,-96.869467,61,2149.6732420742037
30075,46.869186,-96.869819,62,2176.6781381253345
30075,46.869211,-96.870911,63,2260.33993220057
30075,46.869222,-96.871333,64,2292.676064984617
30075,46.869217,-96.87164,65,2316.1898619298413
30075,46.869222,-96.871952,66,2340.0863970658943
30075,46.869204,-96.872318,67,2368.1831778945393
30075,46.869208,-96.872602,68,2389.9337901826693
30075,46.869292,-96.876684,69,2702.6342655462095
30075,46.869328,-96.877292,70,2749.3619885989556
30075,46.869315,-96.877786,71,2787.215356558199
30075,46.869386,-96.882212,72,3126.2052917287288
30075,46.86942,-96.882695,73,3163.382591186856
30075,46.869517,-96.882858,74,3179.9069166471786
30075,46.870234,-96.882868,75,3259.961359502315
30075,46.871157,-96.882875,76,3363.012781380047
30075,46.87174,-96.882864,77,3428.1083346607625
30075,46.872505,-96.882845,78,3513.530552536679
30075,46.872558,-96.882905,79,3521.021750546884
30075,46.872548,-96.883455,80,3563.14716861969
30075,46.87256,-96.884252,81,3624.183942855847
30075,46.872567,-96.884884,82,3672.5790976255416
30075,46.872609,-96.885223,83,3698.954655025544
30075,46.872578,-96.885548,84,3724.0776663556976
30075,46.872594,-96.886419,85,3790.7892398475556
30075,46.872604,-96.886957,86,3831.996008343841
30075,46.872622,-96.889264,87,4008.641147642191
30075,46.872667,-96.889842,88,4053.1794530788698
30075,46.872658,-96.890232,89,4083.0563152182003
30075,46.872648,-96.89125,90,4161.006414926329
30075,46.872663,-96.892904,91,4287.654064607715
30075,46.872704,-96.893353,92,4322.334581244468
30075,46.872784,-96.893537,93,4339.015031674334
30075,46.872905,-96.893536,94,4352.524349356058
30075,46.87366,-96.893556,95,4436.830578361214
30075,46.873694,-96.893631,96,4443.714014059844
30075,46.873726,-96.895605,97,4594.889806897685
30075,46.873763,-96.895915,98,4618.980810530765
30075,46.873683,-96.89602,99,4630.99743633825
30075,46.873683,-96.89602,100,4630.99743633825
30075,46.873151,-96.896039,101,4690.410461765259
30075,46.87276,-96.896076,102,4734.15553028681
30075,46.872728,-96.896191,103,4743.657531177603
30075,46.87276,-96.897456,104,4840.575957408801
30075,46.872766,-96.897667,105,4856.744673410746
30075,46.87275,-96.898,106,4882.302712708445
30075,46.872761,-96.899821,107,5021.729498562094
30075,46.872725,-96.899887,108,5028.186157614719
30075,46.872218,-96.899913,109,5084.82498382046
30075,46.871924,-96.900018,110,5118.618661101491
30075,46.871539,-96.899889,111,5162.72201281494
30075,46.870672,-96.899891,112,5259.518039472664
30075,46.869989,-96.899948,113,5335.896119087142
30075,46.869731,-96.899974,114,5364.769145664481
30075,46.869622,-96.900068,115,5378.907485077875
30075,46.869603,-96.900166,116,5386.7051716059395
30075,46.869635,-96.901628,117,5498.703723760832
30075,46.869647,-96.901817,118,5513.236828229546
30075,46.869654,-96.902149,119,5538.669172561765
30075,46.869701,-96.903233,120,5621.833688836982
30075,46.869702,-96.903306,121,5627.4242008894835
30075,46.869711,-96.903788,122,5664.3431962490895
30075,46.869715,-96.904025,123,5682.495072234271
30075,46.86973,-96.904692,124,5733.592683188178
30075,46.86973,-96.905226,125,5774.479404839451
30075,46.869739,-96.905669,126,5808.413396556714
30075,46.86976,-96.905883,127,5824.965575917488
30075,46.869705,-96.906144,128,5845.871610660487
30075,46.869689,-96.906247,129,5853.957766827493
30075,46.869637,-96.906549,130,5877.798606205897
30075,46.869603,-96.906689,131,5889.170219754156
30075,46.869408,-96.907266,132,5938.422183618249
30075,46.869238,-96.907813,133,5984.40418423592
30075,46.869207,-96.908044,134,6002.426678379699
30075,46.8692,-96.908402,135,6029.8489324657585
30075,46.869193,-96.90873,136,6054.975177325201
30075,46.869227,-96.910849,137,6217.26550401682
30075,46.869256,-96.911254,138,6248.443722965573
30075,46.869206,-96.911488,139,6267.209868703306
30075,46.869224,-96.913027,140,6385.0636015401415
30075,46.869229,-96.913441,141,6416.767207911245
30075,46.869189,-96.913498,142,6423.011392840406
30075,46.867781,-96.913537,143,6580.232945152342
30075,46.867059,-96.913551,144,6660.846238109876
30075,46.866479,-96.91353,145,6725.619075494582
30075,46.865068,-96.913622,146,6883.304622374043
30075,46.86477,-96.913676,147,6916.830172160514
30075,46.86444,-96.913633,148,6953.819163827701
30075,46.863503,-96.913678,149,7058.485274405093
30075,46.863289,-96.913733,150,7082.745224382472
30075,46.863004,-96.913704,151,7114.640841374116
30075,46.862544,-96.91368,152,7166.029434968786
30075,46.862489,-96.91358,153,7175.844911466578
30075,46.862466,-96.909652,154,7476.649219314249
30075,46.862466,-96.909076,155,7520.757532635691
30075,46.862466,-96.907342,156,7653.542110746268
30075,46.862451,-96.906826,157,7693.09138868957
30075,46.862441,-96.906586,158,7711.503794513938
30075,46.862446,-96.906381,159,7727.21204618467
30075,46.862422,-96.904432,160,7876.4853079181485
30075,46.862418,-96.904118,161,7900.534773074474
30075,46.862372,-96.901401,162,8108.659531416876
30075,46.86229,-96.900217,163,8199.78875739784
30075,46.862373,-96.899908,164,8225.20107793923
30075,46.862323,-96.896698,165,8471.080083503719
30075,46.862275,-96.896203,166,8509.36328309408
30075,46.862297,-96.895988,167,8526.00983322192
30075,46.86226,-96.892736,168,8775.07745684719
30075,46.862177,-96.891874,169,8841.735623415849
30075,46.862217,-96.891672,170,8857.836290244744
30075,46.862232,-96.89136,171,8881.787512160914
30075,46.862194,-96.890698,172,8932.659966508714
30075,46.862146,-96.888679,173,9087.366003282006
30075,46.862151,-96.888316,174,9115.169868357663
30075,46.86212,-96.887243,175,9197.41232861828
30075,46.862074,-96.886664,176,9242.048263059289
30075,46.862094,-96.886434,177,9259.802522619599
30075,46.862021,-96.883065,178,9517.92820720332
30075,46.862024,-96.88298,179,9524.44610990048
30075,46.862024,-96.882875,180,9532.486999549077
30075,46.862027,-96.881759,181,9617.950883706208
30075,46.861998,-96.880385,182,9723.221719393088
30075,46.862001,-96.879012,183,9828.36689794997
30075,46.86194,-96.878045,184,9902.732625771154
30075,46.861954,-96.877698,185,9929.351975633388
30075,46.861946,-96.875905,186,10066.663806063785
30075,46.861914,-96.875264,187,10115.8818688957
30075,46.861934,-96.875038,188,10133.33256652128
30075,46.86192,-96.874367,189,10184.74202967692
30075,46.861892,-96.872405,190,10335.026302982142
30075,46.86188,-96.871083,191,10436.27536764276
30075,46.861864,-96.870623,192,10471.547978550056
30075,46.861839,-96.87025,193,10500.248834144824
30075,46.86187,-96.869999,194,10519.779853098207
30075,46.861855,-96.868308,195,10649.289748668949
30075,46.861834,-96.867036,196,10746.729641332877
30075,46.86187,-96.864526,197,10938.991642105593
30075,46.861931,-96.864436,198,10948.68126752468
30075,46.862442,-96.864435,199,11005.73406769278
30075,46.862686,-96.864437,200,11032.976906619815
30075,46.863881,-96.864344,201,11166.587671390684
30075,46.864003,-96.86431,202,11180.455490038506
30075,46.864085,-96.864229,203,11191.514150839954
30075,46.86411,-96.864001,204,11209.195772121973
30075,46.864092,-96.863209,205,11269.87933464759
30075,46.864071,-96.862025,206,11360.57888041082
30075,46.863988,-96.861976,207,11370.576674188607
30075,46.863274,-96.86191,208,11450.45450657009
30075,46.862809,-96.86191,209,11502.37154316446
30075,46.862487,-96.861928,210,11538.349112016716
30075,46.861901,-96.86196,211,11603.821619295963
30075,46.861761,-96.86196,212,11619.452554173069
30075,46.861444,-96.861958,213,11654.845788182287
30075,46.861066,-96.861967,214,11697.054940092843
30075,46.860152,-96.861988,215,11799.11528528244
30075,46.859933,-96.861988,216,11823.566532694584
30075,46.85947,-96.861988,217,11875.260265836072
30075,46.859359,-96.861988,218,11887.653363853686
30075,46.85843,-96.86198,219,11991.377588929909
30075,46.85832,-96.861819,220,12008.78090521032
30075,46.85828,-96.859815,221,12162.326626428427
30075,46.858245,-96.859509,222,12186.08591993025
30075,46.858264,-96.859006,223,12224.667749850849
30075,46.858282,-96.85811,224,12293.319522098267
30075,46.858276,-96.857001,225,12378.257728761597
30075,46.858256,-96.855781,226,12471.721336699213
30075,46.858253,-96.855591,227,12486.276859045951
30075,46.858252,-96.85544,228,12497.842147301282
30075,46.858219,-96.8543,229,12585.229975510423
30075,46.858178,-96.853914,230,12615.145238144223
30075,46.858225,-96.853667,231,12634.776809950281
30075,46.858241,-96.853409,232,12654.617087810802
30075,46.858238,-96.852989,233,12686.785778269745
30075,46.858236,-96.852679,234,12710.529109606347
30075,46.858234,-96.852291,235,12740.246107307876
30075,46.85823,-96.851309,236,12815.456950486927
30075,46.858199,-96.851206,237,12824.071443237826
30075,46.858143,-96.851064,238,12836.6161770213
30075,46.857942,-96.851051,239,12859.08009270845
30075,46.856925,-96.851006,240,12972.68140236201
30075,46.856522,-96.851014,241,13017.680907904334
30075,46.856408,-96.851016,242,13030.41003814687
30075,46.856328,-96.851018,243,13039.343427691589
30075,46.856241,-96.85102,244,13049.058268216853
30075,46.856188,-96.851021,245,13054.976264279536
30075,46.855837,-96.851027,246,13094.16844235343
30075,46.855087,-96.851046,247,13177.919298549783
30075,46.855,-96.850948,248,13190.195130442555
30075,46.855012,-96.850084,249,13256.384912609043
30075,46.855009,-96.848863,250,13349.905484869403
30075,46.855009,-96.848667,251,13364.917712693821
30075,46.855008,-96.848506,252,13377.249693663158
30075,46.855002,-96.847866,253,13426.27382700155
30075,46.85497,-96.847202,254,13477.257017525159
30075,46.854993,-96.846683,255,13517.091748544608
30075,46.855008,-96.846289,256,13547.315911492778
30075,46.85502,-96.84431,257,13698.899973278647
30075,46.855016,-96.843366,258,13771.205544875163
30075,46.855021,-96.842662,259,13825.130256271057
30075,46.855026,-96.841991,260,13876.527560597098
30075,46.855023,-96.841637,261,13903.643761988504
30075,46.855096,-96.841594,262,13912.434650015704
30075,46.855638,-96.841667,263,13973.207878736173
30075,46.855896,-96.841703,264,14002.14580103343
30075,46.856292,-96.84175,265,14046.506357480212
30075,46.856514,-96.841776,266,14071.373000539525
30075,46.856843,-96.841816,267,14108.234092309747
30075,46.85699,-96.841832,268,14124.692642460956
30075,46.857809,-96.841956,269,14216.62760031831
30075,46.858553,-96.842012,270,14299.807428307044
30075,46.858645,-96.842078,271,14311.25580150701
30075,46.858537,-96.842996,272,14382.590526766962
30075,46.858467,-96.84356,273,14426.487791229347
30075,46.858594,-96.843756,274,14447.137401511081
30075,46.858596,-96.843945,275,14461.614310291214
30075,46.858569,-96.844268,276,14486.53533002238
30075,46.858583,-96.844555,277,14508.57167150802
30075,46.858553,-96.844812,278,14528.537820870248
30075,46.858533,-96.844953,279,14539.56522693455
30075,46.858567,-96.844942,280,14543.453746023872
30135,46.848226,-96.762891,0,0
30135,46.847866,-96.762843,1,40.36632324353834
30135,46.847806,-96.762774,2,48.900376227533954
30135,46.847736,-96.76263,3,62.420752925540484
30135,46.847724,-96.761672,4,135.82650016556556
30135,46.847726,-96.757448,5,459.433241738488
30135,46.847742,-96.756187,6,556.0570637321806
30135,46.847742,-96.754894,7,655.1160734358452
30135,46.84774,-96.753646,8,750.7279589653785
30135,46.847743,-96.751117,9,944.4801176355552
30135,46.847765,-96.750176,10,1016.6140281875975
30135,46.847783,-96.74997,11,1032.523618673413
30135,46.847792,-96.749748,12,1049.561194593708
30135,46.847839,-96.749567,13,1064.3879295670506
30135,46.847897,-96.749303,14,1085.6251693726201
30135,46.848034,-96.748805,15,1126.7306936428172
30135,46.848175,-96.748379,16,1162.9666676680315
30135,46.848229,-96.748194,17,1178.3692085895595
30135,46.848262,-96.748036,18,1191.0223194144276
30135,46.848257,-96.747911,19,1200.6150436873145
30135,46.8482,-96.74782,20,1210.0551579212106
30135,46.848142,-96.747784,21,1217.0944918271944
30135,46.847525,-96.747792,22,1285.9941575024693
30135,46.847053,-96.74779,23,1338.6999807065777
30135,46.846254,-96.747778,24,1427.9245803456608
30135,46.845188,-96.747757,25,1546.9697165736457
30135,46.844176,-96.747724,26,1660.0023870894895
30135,46.843925,-96.747753,27,1688.1180895536409
30135,46.843579,-96.74776,28,1726.7576994950446
30135,46.843164,-96.747787,29,1773.144582680115
30135,46.842887,-96.747763,30,1804.1302373920953
30135,46.84245,-96.74776,31,1852.928128181419
30135,46.842105,-96.747766,32,1891.455094347061
30135,46.84204,-96.747772,33,1898.7278258550932
30135,46.842015,-96.747806,34,1902.5461563283734
30135,46.842003,-96.747862,35,1907.0412798670504
30135,46.842008,-96.749447,36,2028.4862432987475
30135,46.842028,-96.749799,37,2055.54896941666
30135,46.842,-96.750112,38,2079.734133120933
30135,46.841994,-96.751548,39,2189.7631172521196
30135,46.841999,-96.752703,40,2278.2613467693855
30135,46.842025,-96.753185,41,2315.306235552353
30135,46.842002,-96.753566,42,2344.6112818968027
30135,46.841999,-96.75442,43,2410.0457433658353
30135,46.842,-96.755744,44,2511.490749249906
30135,46.842001,-96.756955,45,2604.277555597509
30135,46.84201,-96.757344,46,2634.0996168019783
30135,46.841987,-96.757441,47,2641.9629747758045
30135,46.841948,-96.75751,48,2648.8124114311613
30135,46.841872,-96.757545,49,2657.7124374273326
30135,46.841557,-96.757544,50,2692.886407858595
30135,46.840691,-96.757541,51,2789.5869550557322
30135,46.840207,-96.757546,52,2843.6332699193667
30135,46.839928,-96.757601,53,2875.0710242412238
30135,46.83968,-96.757543,54,2903.1178148178346
30135,46.83877,-96.757532,55,3004.7347641469983
30135,46.837611,-96.757534,56,3134.1524309731353
30135,46.837053,-96.757534,57,3196.460461833016
30135,46.836677,-96.757529,58,3238.44754998271
30135,46.836473,-96.757564,59,3261.384169956455
30135,46.836391,-96.75755,60,3270.603178516844
30135,46.836352,-96.757591,61,3275.9730370478883
30135,46.836335,-96.757639,62,3280.112138787033
30135,46.836329,-96.759019,63,3385.8607528389516
30135,46.836354,-96.759378,64,3413.511410927608
30135,46.836334,-96.75971,65,3439.04966309295
30135,46.836325,-96.760593,66,3506.7194134534493
30135,46.836317,-96.761746,67,3595.0756131271455
30135,46.836332,-96.762094,68,3621.7945614733853
30135,46.836317,-96.762179,69,3628.5198161368507
30135,46.836278,-96.76225,70,3635.4886253124155
30135,46.836214,-96.76227,71,3642.7975082719545
30135,46.835175,-96.762256,72,3758.81982574611
30135,46.834118,-96.762246,73,3876.8495986727953
30135,46.833552,-96.762262,74,3940.062478008717
30135,46.833264,-96.76229,75,3972.292785979691
30135,46.83317,-96.762283,76,3982.80276100427
30135,46.833127,-96.76233,77,3988.8049768975307
30135,46.833108,-96.762411,78,3995.364741424626
30135,46.833106,-96.763334,79,4066.0965344743913
30135,46.833109,-96.764529,80,4157.672407845939
30135,46.833105,-96.765228,81,4211.23999106676
30135,46.833123,-96.765532,82,4234.622626062057
30135,46.833103,-96.76584,83,4258.330653855204
30135,46.833114,-96.76669,84,4323.479268849344
30135,46.833139,-96.767097,85,4354.793058501896
30135,46.833131,-96.767614,86,4394.421701409053
30135,46.833143,-96.76771,87,4401.899372036347
30135,46.833176,-96.767763,88,4407.383314080504
30135,46.833232,-96.767814,89,4414.757245086465
30135,46.833551,-96.767853,90,4450.5025130975455
30135,46.834759,-96.767866,91,4585.3936310007475
30135,46.835202,-96.767875,92,4634.864609415412
30135,46.835839,-96.767956,93,4706.263464578819
30135,46.83657,-96.767966,94,4787.891817271325
30135,46.836687,-96.767978,95,4800.988563980428
30135,46.836775,-96.768034,96,4811.710890286283
30135,46.836796,-96.768236,97,4827.366025865925
30135,46.836789,-96.769011,98,4886.756556990865
30135,46.836807,-96.769272,99,4906.85675114971
30135,46.836786,-96.769757,100,4944.09437168426
30135,46.836788,-96.770835,101,5026.697678413613
30135,46.836813,-96.771512,102,5078.648579481518
30135,46.836859,-96.771812,103,5102.203225577198
30135,46.836884,-96.772278,104,5138.019839377822
30135,46.836929,-96.772893,105,5185.411826807619
30135,46.836962,-96.773069,106,5199.392290768415
30135,46.836975,-96.773142,107,5205.171243833234
30135,46.837012,-96.773161,108,5209.55171998058
30135,46.837805,-96.773034,109,5298.6321084197725
30135,46.838531,-96.772912,110,5380.23528771873
30135,46.839245,-96.772791,111,5460.4986108939875
30135,46.839992,-96.77265,112,5544.606244943727
30135,46.84021,-96.772588,113,5569.407592265216
30135,46.840343,-96.77264,114,5584.783704117381
30135,46.840872,-96.772932,115,5647.947579972461
30135,46.841291,-96.773179,116,5698.416269385253
30135,46.841594,-96.773368,117,5735.218345930718
30135,46.841993,-96.773386,118,5779.792449726916
30135,46.842115,-96.773342,119,5793.826038533379
30135,46.842162,-96.773331,120,5799.141351509948
30135,46.842191,-96.773276,121,5804.455816339922
30135,46.84219,-96.772554,122,5859.774249535083
30135,46.842176,-96.771914,123,5908.834837879895
30135,46.842214,-96.771822,124,5917.062282289113
30135,46.842303,-96.771791,125,5927.280027472827
30135,46.843587,-96.771806,126,6070.657699649155
30135,46.843896,-96.771765,127,6105.303729718323
30135,46.843995,-96.771758,128,6116.371197481923
30135,46.844028,-96.771686,129,6123.0050340398775
30135,46.844031,-96.770173,130,6238.925088284457
30135,46.844022,-96.768429,131,6372.546929235558
30135,46.844011,-96.767681,132,6429.868848912636
30135,46.84401,-96.766766,133,6499.972642460324
30135,46.843997,-96.76627,134,6538.001964385198
30135,46.843992,-96.76616,135,6546.448217406308
30135,46.84395,-96.766105,136,6552.753068986974
30135,46.843882,-96.766081,137,6560.565562729097
30135,46.842276,-96.766086,138,6739.895166550366
30135,46.841786,-96.766109,139,6794.637924556514
30135,46.841437,-96.76608,140,6833.671261312802
30135,46.840015,-96.766091,141,6992.4568840876445
30135,46.839865,-96.766054,142,7009.444422081816
30135,46.839805,-96.765947,143,7020.032286073859
30135,46.839806,-96.765284,144,7070.832961535678
30135,46.839869,-96.764779,145,7110.161468463997
30135,46.839948,-96.764413,146,7139.559870073262
30135,46.840035,-96.764089,147,7166.218495922569
30135,46.840172,-96.763815,148,7192.195146527698
30135,46.840337,-96.763493,149,7222.987555236411
30135,46.840522,-96.763169,150,7255.2835878061
30135,46.840914,-96.762515,151,7321.819275179632
30135,46.841206,-96.762022,152,7371.71910509721
30135,46.841347,-96.761725,153,7399.391025202174
30135,46.841385,-96.761686,154,7404.580810056122
30135,46.841445,-96.761678,155,7411.308547153203
30135,46.841524,-96.761684,156,7420.1418628654465
30135,46.841619,-96.761794,157,7433.690411950665
30135,46.84177,-96.762002,158,7456.891290466205
30135,46.841881,-96.762231,159,7478.373454819823
30135,46.841949,-96.762542,160,7503.3826502671745
30135,46.841989,-96.762905,161,7531.551851700366
30135,46.841991,-96.763007,162,7539.3702160517705
30135,46.842014,-96.763062,163,7544.30520963888
30135,46.842068,-96.763077,164,7550.4435313059275
30135,46.842898,-96.763089,165,7643.127889787816
30135,46.84348,-96.763091,166,7708.115590678296
30135,46.843938,-96.763071,167,7759.279924345975
30135,46.843982,-96.76306,168,7764.2648299959355
30135,46.844014,-96.76302,169,7768.972257133441
30135,46.844027,-96.762955,170,7774.159574060568
30135,46.844031,-96.762096,171,7839.974633969655
30135,46.844005,-96.76168,172,7871.979066833709
30135,46.844023,-96.761352,173,7897.189553773216
30135,46.844032,-96.759964,174,8003.538192921682
30135,46.844015,-96.759533,175,8036.614516983315
30135,46.84404,-96.758119,176,8144.986633315263
30135,46.84404,-96.757615,177,8183.601535225742
30135,46.844015,-96.757058,178,8226.368374299447
30135,46.844042,-96.756602,179,8261.435560496266
30135,46.844042,-96.755856,180,8318.591852387668
30135,46.844057,-96.753844,181,8472.754610185912
30135,46.844047,-96.753127,182,8527.700522869158
30135,46.844043,-96.752356,183,8586.774167180607
30135,46.844031,-96.751765,184,8632.074869831189
30135,46.844046,-96.751431,185,8657.719850055892
30135,46.844048,-96.75051,186,8728.284901637859
30135,46.844033,-96.750217,187,8750.796241132977
30135,46.84405,-96.749845,188,8779.36112329375
30135,46.84406,-96.748905,189,8851.3903336872
30135,46.844086,-96.748598,190,8875.090447592116
30135,46.84409,-96.747872,191,8930.716666605253
30135,46.844097,-96.74775,192,8940.096650507008
30135,46.844126,-96.747662,193,8947.576339238176
30135,46.844192,-96.747625,194,8955.472611054956
30135,46.844657,-96.747612,195,9007.406124369942
30135,46.845092,-96.747619,196,9055.98311326403
30135,46.845472,-96.747658,197,9098.520672126344
30135,46.846001,-96.747661,198,9157.591600758924
30135,46.846336,-96.747656,199,9195.0011448613
30135,46.847091,-96.747659,200,9279.308099589714
30135,46.84761530923902,-96.74762674355124,201,9337.906923423652
30135,46.847991,-96.747664,202,9379.95520608182
30135,46.848444,-96.747661,203,9430.53971226811
30135,46.851049,-96.747687,204,9721.432349230487
30135,46.851254,-96.747728,205,9744.538032427814
30135,46.851332,-96.747801,206,9754.888649361088
30135,46.851374,-96.747911,207,9764.532619390748
30135,46.851371,-96.749459,208,9883.120987004522
30135,46.851384,-96.750609,209,9971.23104002913
30135,46.851365,-96.750725,210,9980.367206931198
30135,46.851274,-96.750782,211,9991.427124790886
30135,46.85071,-96.750787,212,10054.406792655627
30135,46.849906,-96.750796,213,10144.187305862455
30135,46.849865,-96.750848,214,10150.25606144966
30135,46.84983,-96.750908,215,10156.289518836806
30135,46.84959,-96.750911,216,10183.089863602681
30135,46.849537,-96.75084,217,10191.127945258113
30135,46.849526,-96.750493,218,10217.739849634485
30135,46.849542,-96.750414,219,10224.050213762144
30135,46.849589,-96.750375,220,10230.089296207667
30135,46.849729,-96.750408,221,10245.925365051951
30135,46.84982,-96.750434,222,10256.28017480054
30135,46.849855,-96.750514,223,10263.548996543252
30135,46.849865,-96.750638,224,10273.113937063641
30135,46.849888,-96.750682,225,10277.351664165903
30135,46.849947,-96.750701,226,10284.098720853428
30135,46.851271,-96.750692,227,10431.943496738826
30135,46.851337,-96.750706,228,10439.390951547877
30135,46.851379,-96.750788,229,10447.230322902087
30135,46.851381,-96.751043,230,10466.766373113374
30135,46.851382,-96.751893,231,10531.88233703512
30135,46.851377,-96.753634,232,10665.255927242328
30135,46.85138,-96.75484,233,10757.644165425534
30135,46.851373,-96.756997,234,10922.88625796665
30135,46.851398,-96.757333,235,10948.776940112242
30135,46.851379,-96.757712,236,10977.888159606342
30135,46.851376,-96.758773,237,11059.168134796391
30135,46.85137,-96.760505,238,11191.851732722953
30135,46.851371,-96.761556,239,11272.364779348352
30135,46.851375,-96.762385,240,11335.872700888965
30135,46.851395,-96.762715,241,11361.25110057625
30135,46.851379,-96.762781,242,11366.613465105358
30135,46.851332,-96.762861,243,11374.681990676256
30135,46.851252,-96.76289,244,11383.887085933631
30135,46.850439,-96.762874,245,11474.676914022099
30135,46.849524,-96.762862,246,11576.852173422987
30135,46.848501,-96.762865,247,11691.083072140935
30135,46.848252,-96.762876,248,11718.899785470665
30135,46.848226,-96.762891,249,11720.442312328714
